-- MySQL dump 10.13  Distrib 8.0.22, for Win64 (x86_64)
--
-- Host: localhost    Database: vk
-- ------------------------------------------------------
-- Server version	8.0.22

/*!40101 SET @OLD_CHARACTER_SET_CLIENT=@@CHARACTER_SET_CLIENT */;
/*!40101 SET @OLD_CHARACTER_SET_RESULTS=@@CHARACTER_SET_RESULTS */;
/*!40101 SET @OLD_COLLATION_CONNECTION=@@COLLATION_CONNECTION */;
/*!50503 SET NAMES utf8 */;
/*!40103 SET @OLD_TIME_ZONE=@@TIME_ZONE */;
/*!40103 SET TIME_ZONE='+00:00' */;
/*!40014 SET @OLD_UNIQUE_CHECKS=@@UNIQUE_CHECKS, UNIQUE_CHECKS=0 */;
/*!40014 SET @OLD_FOREIGN_KEY_CHECKS=@@FOREIGN_KEY_CHECKS, FOREIGN_KEY_CHECKS=0 */;
/*!40101 SET @OLD_SQL_MODE=@@SQL_MODE, SQL_MODE='NO_AUTO_VALUE_ON_ZERO' */;
/*!40111 SET @OLD_SQL_NOTES=@@SQL_NOTES, SQL_NOTES=0 */;

--
-- Table structure for table `communities`
--

DROP TABLE IF EXISTS `communities`;
/*!40101 SET @saved_cs_client     = @@character_set_client */;
/*!50503 SET character_set_client = utf8mb4 */;
CREATE TABLE `communities` (
  `id` int unsigned NOT NULL AUTO_INCREMENT,
  `name` varchar(145) NOT NULL,
  `desc` varchar(245) DEFAULT NULL,
  `admin_id` int unsigned NOT NULL,
  PRIMARY KEY (`id`),
  KEY `fk_communitis_users1_idx` (`admin_id`),
  CONSTRAINT `fk_communitis_users1` FOREIGN KEY (`admin_id`) REFERENCES `users` (`id`)
) ENGINE=InnoDB AUTO_INCREMENT=11 DEFAULT CHARSET=utf8mb4 COLLATE=utf8mb4_0900_ai_ci;
/*!40101 SET character_set_client = @saved_cs_client */;

--
-- Dumping data for table `communities`
--

LOCK TABLES `communities` WRITE;
/*!40000 ALTER TABLE `communities` DISABLE KEYS */;
INSERT INTO `communities` VALUES (1,'accusamus','Autem velit quae excepturi officia quas.',155),(2,'sequi','',80),(3,'inventore','Et doloremque dolorum dolore porro.',120),(4,'aliquid','',61),(5,'dolor','',20),(6,'voluptates','',12),(7,'voluptatem','',161),(8,'dolore','',7),(9,'tempora','',180),(10,'assumenda','',197);
/*!40000 ALTER TABLE `communities` ENABLE KEYS */;
UNLOCK TABLES;

--
-- Table structure for table `frend_request`
--

DROP TABLE IF EXISTS `frend_request`;
/*!40101 SET @saved_cs_client     = @@character_set_client */;
/*!50503 SET character_set_client = utf8mb4 */;
CREATE TABLE `frend_request` (
  `from_users_id` int unsigned NOT NULL,
  `to_users_id` int unsigned NOT NULL,
  `status` smallint NOT NULL COMMENT '-1 - отклонен\n0 - запрос\n1 - принят',
  PRIMARY KEY (`from_users_id`,`to_users_id`),
  KEY `fk_frend_request_users1_idx` (`from_users_id`),
  KEY `fk_frend_request_users2_idx` (`to_users_id`),
  CONSTRAINT `fk_frend_request_users1` FOREIGN KEY (`from_users_id`) REFERENCES `users` (`id`),
  CONSTRAINT `fk_frend_request_users2` FOREIGN KEY (`to_users_id`) REFERENCES `users` (`id`)
) ENGINE=InnoDB DEFAULT CHARSET=utf8mb4 COLLATE=utf8mb4_0900_ai_ci;
/*!40101 SET character_set_client = @saved_cs_client */;

--
-- Dumping data for table `frend_request`
--

LOCK TABLES `frend_request` WRITE;
/*!40000 ALTER TABLE `frend_request` DISABLE KEYS */;
INSERT INTO `frend_request` VALUES (1,194,1),(2,8,-1),(2,148,-1),(5,87,0),(6,34,0),(7,16,0),(8,86,1),(10,70,1),(11,35,1),(11,191,1),(12,88,1),(12,119,0),(15,87,0),(17,110,1),(17,167,0),(19,36,1),(20,61,0),(23,6,0),(24,10,-1),(24,102,1),(27,48,-1),(27,72,1),(28,70,-1),(29,6,1),(29,27,-1),(29,193,1),(29,194,-1),(30,127,1),(31,32,-1),(33,37,1),(33,166,1),(33,170,-1),(36,41,0),(37,92,0),(41,79,-1),(41,178,0),(44,69,0),(44,186,-1),(45,164,-1),(46,53,1),(48,196,1),(49,141,1),(50,6,-1),(50,117,1),(50,161,1),(52,169,0),(54,67,-1),(54,183,1),(55,32,0),(55,48,-1),(55,192,-1),(56,146,-1),(59,133,0),(60,40,0),(60,81,0),(61,180,0),(63,42,-1),(65,91,-1),(66,45,0),(66,127,-1),(66,161,-1),(69,138,1),(70,64,0),(70,82,-1),(74,7,-1),(74,69,0),(76,123,1),(78,31,-1),(79,124,1),(80,36,0),(81,74,1),(81,199,-1),(82,168,1),(85,63,0),(85,131,-1),(85,181,1),(86,154,0),(87,17,0),(88,34,-1),(88,158,-1),(89,200,-1),(90,140,0),(91,9,0),(91,10,0),(92,30,-1),(92,59,0),(92,96,0),(93,176,1),(94,90,1),(95,134,1),(95,192,-1),(96,29,0),(97,127,-1),(97,133,1),(99,109,1),(100,127,0),(102,119,0),(102,124,0),(105,86,-1),(106,64,1),(106,103,-1),(107,2,0),(108,182,-1),(109,88,1),(109,106,0),(111,110,1),(111,160,0),(112,44,-1),(112,128,-1),(113,33,0),(114,19,-1),(114,60,-1),(117,165,1),(118,53,0),(119,115,0),(122,184,0),(125,32,-1),(126,55,1),(127,107,-1),(127,200,1),(128,14,-1),(128,166,-1),(129,33,0),(129,44,1),(130,147,0),(131,59,0),(133,144,-1),(137,30,0),(137,99,-1),(137,152,-1),(138,8,-1),(138,197,1),(140,1,-1),(141,80,1),(142,96,0),(143,117,-1),(144,68,-1),(144,183,0),(145,173,-1),(146,155,0),(147,6,0),(147,47,1),(149,99,1),(150,92,-1),(151,65,1),(151,99,0),(152,46,0),(155,143,-1),(155,150,1),(156,14,0),(157,106,-1),(157,152,1),(158,158,0),(158,193,-1),(159,15,0),(159,65,0),(159,169,-1),(160,183,1),(161,113,0),(163,22,-1),(163,128,1),(164,58,-1),(166,12,-1),(166,143,-1),(167,192,-1),(169,9,0),(169,147,1),(170,25,1),(170,40,1),(170,186,1),(172,142,-1),(173,145,-1),(173,197,1),(174,120,-1),(174,145,1),(175,110,1),(177,98,-1),(177,141,0),(179,71,1),(182,35,1),(182,183,1),(183,76,1),(184,54,1),(184,90,1),(184,132,-1),(187,132,0),(189,102,0),(190,50,0),(192,33,0),(193,61,1),(193,83,-1),(194,90,1),(194,149,-1),(194,186,1),(196,60,-1),(196,61,-1),(196,88,0),(198,6,-1),(198,69,-1),(200,123,0);
/*!40000 ALTER TABLE `frend_request` ENABLE KEYS */;
UNLOCK TABLES;

--
-- Table structure for table `likes`
--

DROP TABLE IF EXISTS `likes`;
/*!40101 SET @saved_cs_client     = @@character_set_client */;
/*!50503 SET character_set_client = utf8mb4 */;
CREATE TABLE `likes` (
  `users_id` int unsigned NOT NULL,
  `messages_id` int unsigned DEFAULT NULL,
  `media_id` int unsigned DEFAULT NULL,
  `posts_id` int unsigned DEFAULT NULL,
  UNIQUE KEY `index1` (`users_id`,`messages_id`) /*!80000 INVISIBLE */,
  UNIQUE KEY `index2` (`users_id`,`media_id`) /*!80000 INVISIBLE */,
  UNIQUE KEY `index3` (`users_id`,`posts_id`),
  KEY `fk_likes_users1_idx` (`users_id`),
  KEY `fk_likes_media1_idx` (`media_id`),
  KEY `fk_likes_posts1_idx` (`posts_id`),
  KEY `fk_likes_messages1_idx` (`messages_id`),
  CONSTRAINT `fk_likes_media1` FOREIGN KEY (`media_id`) REFERENCES `media` (`id`),
  CONSTRAINT `fk_likes_messages1` FOREIGN KEY (`messages_id`) REFERENCES `messages` (`id`),
  CONSTRAINT `fk_likes_posts1` FOREIGN KEY (`posts_id`) REFERENCES `posts` (`id`),
  CONSTRAINT `fk_likes_users1` FOREIGN KEY (`users_id`) REFERENCES `users` (`id`)
) ENGINE=InnoDB DEFAULT CHARSET=utf8mb4 COLLATE=utf8mb4_0900_ai_ci;
/*!40101 SET character_set_client = @saved_cs_client */;

--
-- Dumping data for table `likes`
--

LOCK TABLES `likes` WRITE;
/*!40000 ALTER TABLE `likes` DISABLE KEYS */;
INSERT INTO `likes` VALUES (93,14,135,192),(22,57,113,126),(143,130,27,164),(166,133,130,115),(137,73,21,187),(74,38,94,162),(183,184,48,177),(103,142,38,196),(156,172,187,177),(29,99,103,172),(29,130,135,195),(63,64,110,199),(137,130,185,11),(167,79,172,150),(62,19,127,165),(161,164,160,116),(136,147,93,164),(46,196,136,74),(125,70,69,188),(134,178,186,70),(108,171,81,75),(49,52,24,111),(71,150,76,31),(114,35,147,49),(182,40,13,27),(35,148,101,160),(18,170,147,152),(147,133,22,55),(103,102,129,152),(154,153,63,24),(103,138,55,16),(173,2,65,154),(41,77,181,76),(25,82,36,42),(51,182,193,197),(115,14,52,17),(116,180,169,69),(132,31,93,34),(169,147,50,141),(148,114,94,189),(190,75,64,14),(156,100,56,7),(81,49,4,195),(63,55,12,178),(34,181,47,166),(12,139,200,180),(86,49,120,34),(162,14,22,152),(89,86,166,44),(185,22,51,66),(70,54,61,133),(108,73,111,142),(53,157,107,64),(96,106,43,181),(155,163,14,117),(176,36,69,64),(121,34,108,106),(56,158,171,126),(11,31,58,119),(103,168,60,156),(125,166,19,20),(72,62,1,27),(24,15,143,200),(50,11,63,171),(45,171,76,100),(129,46,25,140),(77,83,58,180),(50,117,135,175),(83,153,195,155),(14,195,181,38),(9,124,37,59),(135,100,29,179),(70,105,79,198),(151,104,138,27),(186,195,7,36),(112,141,11,195),(94,5,150,108),(199,130,145,8),(54,181,66,188),(80,95,167,150),(200,45,148,150),(149,85,177,135),(80,183,170,192),(123,180,186,17),(184,135,125,183),(65,69,190,118),(50,56,106,130),(151,72,79,150),(117,27,99,66),(112,75,200,191),(58,169,182,181),(149,168,197,133),(103,121,115,167),(190,105,85,39),(160,190,169,111),(62,48,60,179),(74,159,44,185),(34,43,176,91),(12,158,71,161),(125,68,93,27);
/*!40000 ALTER TABLE `likes` ENABLE KEYS */;
UNLOCK TABLES;

--
-- Table structure for table `media`
--

DROP TABLE IF EXISTS `media`;
/*!40101 SET @saved_cs_client     = @@character_set_client */;
/*!50503 SET character_set_client = utf8mb4 */;
CREATE TABLE `media` (
  `id` int unsigned NOT NULL AUTO_INCREMENT,
  `users_id` int unsigned NOT NULL,
  `media_types_id` int unsigned NOT NULL,
  `file` varchar(245) DEFAULT NULL,
  `blob` blob,
  `size` bigint DEFAULT NULL,
  `metadata` json DEFAULT NULL,
  `created_at` datetime NOT NULL DEFAULT CURRENT_TIMESTAMP,
  `updated_at` datetime DEFAULT NULL,
  PRIMARY KEY (`id`),
  KEY `fk_media_media_types1_idx` (`media_types_id`),
  KEY `fk_media_users1_idx` (`users_id`),
  CONSTRAINT `fk_media_media_types1` FOREIGN KEY (`media_types_id`) REFERENCES `media_types` (`id`),
  CONSTRAINT `fk_media_users1` FOREIGN KEY (`users_id`) REFERENCES `users` (`id`)
) ENGINE=InnoDB AUTO_INCREMENT=201 DEFAULT CHARSET=utf8mb4 COLLATE=utf8mb4_0900_ai_ci;
/*!40101 SET character_set_client = @saved_cs_client */;

--
-- Dumping data for table `media`
--

LOCK TABLES `media` WRITE;
/*!40000 ALTER TABLE `media` DISABLE KEYS */;
INSERT INTO `media` VALUES (1,108,1,'xlsm',NULL,0,NULL,'1984-12-25 16:22:07','1991-10-21 12:46:56'),(2,13,2,'sitx',NULL,5,NULL,'1995-05-19 15:31:35','1984-12-22 08:11:14'),(3,29,3,'uvx',NULL,82532,NULL,'1974-09-02 02:07:30','2008-04-15 10:16:46'),(4,88,1,'wmlc',NULL,689,NULL,'1970-01-16 08:13:13','2000-04-12 18:42:27'),(5,146,2,'mng',NULL,8,NULL,'1980-10-15 21:18:42','1986-06-04 11:11:19'),(6,87,1,'arc',NULL,58933005,NULL,'1997-09-30 17:37:14','1976-08-26 11:43:04'),(7,59,2,'odc',NULL,76,NULL,'2013-12-28 20:44:12','1999-02-11 15:47:52'),(8,1,1,'oti',NULL,497714259,NULL,'1987-08-18 08:15:16','1975-06-29 16:15:27'),(9,43,1,'wgt',NULL,773,NULL,'2005-05-04 03:05:23','2020-04-05 06:24:18'),(10,19,3,'yang',NULL,19352,NULL,'1977-07-12 22:28:14','1982-03-17 11:00:57'),(11,13,1,'stl',NULL,430915,NULL,'2018-03-13 22:30:43','2015-05-14 13:25:54'),(12,19,1,'lzh',NULL,20,NULL,'1974-10-13 19:23:48','1982-04-05 20:49:36'),(13,48,3,'sbml',NULL,747,NULL,'1992-12-04 04:32:49','1970-05-11 20:07:13'),(14,177,2,'xbap',NULL,301899,NULL,'2006-09-02 04:26:32','1985-06-05 20:54:06'),(15,23,3,'ods',NULL,6858582,NULL,'1990-10-10 05:02:21','2004-11-04 20:25:02'),(16,101,2,'sitx',NULL,367,NULL,'1999-12-12 12:35:07','2012-02-22 09:47:07'),(17,160,2,'mmf',NULL,6,NULL,'2020-05-12 12:24:59','2000-11-09 07:37:56'),(18,9,3,'ppsx',NULL,9622503,NULL,'2019-03-14 11:30:12','2013-06-07 05:44:15'),(19,82,2,'yang',NULL,60,NULL,'1991-04-20 01:51:33','1997-05-17 15:22:46'),(20,22,1,'sub',NULL,6650743,NULL,'1974-09-09 15:42:57','2003-08-21 16:21:11'),(21,163,2,'tao',NULL,195,NULL,'1998-12-28 21:21:03','2002-10-03 05:24:37'),(22,43,1,'yang',NULL,55,NULL,'1979-05-03 02:16:50','2017-10-14 21:32:34'),(23,36,1,'swf',NULL,808921,NULL,'2002-10-08 19:57:22','1976-06-27 12:27:22'),(24,63,2,'rlc',NULL,1796026,NULL,'1991-04-12 16:11:32','2008-10-04 20:59:38'),(25,86,2,'pkg',NULL,60552,NULL,'1981-03-06 23:08:03','1981-02-03 20:07:32'),(26,14,2,'flv',NULL,99022243,NULL,'1987-06-19 23:13:12','2012-02-13 08:38:17'),(27,143,1,'kia',NULL,125099,NULL,'1984-09-18 07:33:18','1981-05-16 12:54:59'),(28,121,3,'z1',NULL,25,NULL,'2008-08-11 16:22:19','1998-02-03 13:39:18'),(29,193,2,'mmf',NULL,0,NULL,'2001-01-25 10:54:52','2003-06-09 23:12:35'),(30,96,1,'rlc',NULL,214,NULL,'2009-07-17 18:28:27','1986-04-11 06:30:35'),(31,40,3,'sgm',NULL,21836,NULL,'1993-01-16 12:01:30','2008-03-28 12:47:17'),(32,145,3,'oxt',NULL,33795716,NULL,'1973-08-27 19:06:52','2018-07-24 23:44:34'),(33,111,3,'fpx',NULL,141399651,NULL,'1993-08-06 15:24:31','2012-06-17 12:00:38'),(34,187,3,'urls',NULL,93,NULL,'1972-02-03 19:42:39','1983-01-31 09:56:25'),(35,49,1,'dpg',NULL,456477,NULL,'1979-07-22 14:16:33','1998-09-30 14:05:51'),(36,19,1,'vrml',NULL,583728605,NULL,'2015-12-14 14:54:26','1997-01-14 06:58:40'),(37,117,1,'link66',NULL,85939678,NULL,'2006-11-11 18:12:44','1972-12-10 18:38:33'),(38,34,3,'sit',NULL,8887,NULL,'1983-04-01 10:11:14','2020-10-13 07:15:18'),(39,104,2,'t',NULL,684710825,NULL,'2007-02-16 07:22:35','2003-01-28 20:50:46'),(40,31,3,'psd',NULL,18173060,NULL,'1971-07-05 18:34:39','2016-02-12 21:05:19'),(41,178,1,'wsdl',NULL,9944411,NULL,'1997-02-19 00:44:44','2017-03-15 10:05:01'),(42,89,2,'fst',NULL,2056956,NULL,'1990-02-14 14:29:07','1974-10-30 08:30:49'),(43,76,1,'sbml',NULL,475204,NULL,'2016-12-25 09:13:21','1993-07-03 16:48:47'),(44,110,2,'mseed',NULL,744360,NULL,'1973-06-19 06:09:04','1970-07-28 23:39:30'),(45,106,1,'tga',NULL,5491,NULL,'1977-02-16 08:15:45','1996-05-01 09:42:53'),(46,83,3,'wmv',NULL,40420,NULL,'2008-09-12 19:26:31','2001-01-21 01:21:19'),(47,2,1,'ait',NULL,0,NULL,'1980-07-20 20:29:29','1986-05-28 06:58:27'),(48,143,2,'xlf',NULL,91021,NULL,'2011-01-04 03:49:08','2019-03-28 06:29:07'),(49,181,2,'vcd',NULL,96,NULL,'2020-07-17 23:02:03','1984-07-18 10:28:30'),(50,103,1,'vcs',NULL,945624010,NULL,'1996-08-30 12:25:06','1972-02-21 05:53:15'),(51,138,2,'uvva',NULL,2956,NULL,'2005-04-01 05:34:22','1990-12-30 18:16:49'),(52,41,1,'sxc',NULL,898554012,NULL,'1975-09-07 20:09:59','2010-09-14 04:29:56'),(53,182,2,'gtar',NULL,86526032,NULL,'2017-11-19 12:13:47','2015-02-06 14:34:39'),(54,6,2,'sxd',NULL,9,NULL,'1987-10-20 06:52:32','1989-06-12 15:31:06'),(55,170,1,'wmd',NULL,70,NULL,'2013-06-20 16:56:13','1972-03-09 00:30:09'),(56,75,3,'pls',NULL,907,NULL,'1993-08-07 06:37:32','1976-02-13 14:18:42'),(57,81,3,'xz',NULL,2703051,NULL,'1984-09-29 21:38:09','1984-11-20 18:41:42'),(58,67,3,'pki',NULL,0,NULL,'2018-10-29 19:56:29','1980-02-22 07:23:54'),(59,172,3,'umj',NULL,810796599,NULL,'1973-01-22 01:56:40','2003-05-16 02:23:44'),(60,24,2,'ait',NULL,0,NULL,'1989-01-26 03:41:33','1987-07-18 07:22:20'),(61,181,2,'pptm',NULL,884836090,NULL,'1999-09-20 11:23:14','1997-03-07 09:54:06'),(62,22,3,'sitx',NULL,49453323,NULL,'2005-05-30 13:45:05','2010-07-20 15:18:21'),(63,134,3,'nsf',NULL,918621,NULL,'2003-11-21 18:49:48','1987-12-10 12:17:18'),(64,94,2,'sid',NULL,847161,NULL,'1996-02-08 02:25:55','1996-11-25 05:44:56'),(65,94,3,'obd',NULL,5268,NULL,'1987-09-18 11:30:13','2002-01-08 17:06:18'),(66,143,1,'m14',NULL,3,NULL,'2008-06-14 09:30:18','1997-09-12 06:11:47'),(67,118,3,'iif',NULL,279,NULL,'1991-06-09 14:48:20','1987-03-04 18:01:57'),(68,85,2,'ttc',NULL,9,NULL,'1992-02-06 14:15:25','1992-11-25 22:07:41'),(69,57,2,'twds',NULL,127661234,NULL,'1993-09-02 23:29:35','2003-10-21 17:47:26'),(70,185,1,'atom',NULL,395232,NULL,'1975-04-25 08:37:55','1981-12-10 14:26:49'),(71,127,1,'csh',NULL,89179,NULL,'1979-07-22 09:38:04','1997-12-01 06:54:13'),(72,173,1,'bdm',NULL,421594,NULL,'1987-05-09 16:19:05','2004-06-28 14:29:26'),(73,23,1,'wmx',NULL,78,NULL,'1999-12-10 22:47:26','2012-02-27 03:32:14'),(74,163,3,'cct',NULL,3268396,NULL,'2000-04-19 18:15:25','2008-01-09 11:52:23'),(75,15,3,'rgb',NULL,765005,NULL,'1976-06-24 20:25:47','2012-01-21 09:36:27'),(76,72,3,'cod',NULL,6200,NULL,'1987-09-01 19:07:00','2000-12-21 20:25:30'),(77,93,2,'odb',NULL,389,NULL,'1984-05-18 03:47:18','1991-07-10 00:39:08'),(78,178,1,'lha',NULL,8917397,NULL,'2013-04-06 19:45:16','1989-06-06 00:44:39'),(79,57,2,'ris',NULL,60138887,NULL,'2020-09-15 02:59:24','1978-01-16 03:46:34'),(80,141,3,'vxml',NULL,73312706,NULL,'1999-01-04 21:45:48','2001-10-15 02:09:53'),(81,68,2,'xps',NULL,8716,NULL,'2002-09-24 07:01:42','1983-12-13 12:25:55'),(82,181,3,'ivp',NULL,570342118,NULL,'2018-11-02 22:49:57','1993-12-04 02:20:46'),(83,66,1,'cmx',NULL,2,NULL,'1983-01-24 20:26:22','2007-10-24 06:47:46'),(84,85,2,'thmx',NULL,9,NULL,'2013-01-08 17:52:49','2020-04-13 09:38:04'),(85,156,2,'bz',NULL,31,NULL,'2020-12-03 14:06:08','1998-10-28 15:32:20'),(86,148,2,'xlf',NULL,29277,NULL,'1995-12-20 06:27:40','2015-05-16 22:17:37'),(87,129,2,'gtw',NULL,314865900,NULL,'1991-08-22 23:03:07','2018-08-02 18:17:42'),(88,89,3,'ssf',NULL,2824852,NULL,'2017-11-27 19:07:52','2020-01-17 21:28:23'),(89,159,1,'otc',NULL,313342,NULL,'2016-03-07 09:30:32','1973-07-28 17:26:46'),(90,147,3,'ram',NULL,1250,NULL,'1994-10-28 08:46:30','1990-04-25 10:07:47'),(91,38,1,'oxt',NULL,46,NULL,'1970-10-09 08:56:28','1993-04-14 03:31:48'),(92,169,2,'xls',NULL,658,NULL,'2000-12-16 03:12:18','1977-06-22 23:49:00'),(93,111,3,'rdf',NULL,5952,NULL,'1987-11-14 03:11:08','2019-08-22 16:45:42'),(94,157,3,'jad',NULL,41954,NULL,'1993-07-03 19:31:24','1977-12-06 06:28:11'),(95,17,2,'csh',NULL,0,NULL,'1976-04-26 09:13:00','2015-01-12 20:53:17'),(96,118,2,'sitx',NULL,363,NULL,'2001-07-18 14:00:11','1999-01-20 01:03:51'),(97,180,2,'fst',NULL,623042,NULL,'2015-03-04 04:18:28','2006-11-22 00:28:32'),(98,70,1,'pre',NULL,6794,NULL,'1999-01-12 01:54:37','1977-01-20 21:59:52'),(99,164,3,'sldm',NULL,931654,NULL,'2003-12-25 17:08:35','2009-01-28 09:36:41'),(100,167,2,'srt',NULL,0,NULL,'1971-10-17 18:26:48','1986-03-31 12:01:14'),(101,23,2,'fly',NULL,224,NULL,'1976-06-28 02:02:12','1994-05-10 15:03:12'),(102,2,3,'odg',NULL,988348813,NULL,'2004-11-24 23:22:33','1987-04-25 19:22:32'),(103,33,2,'sv4crc',NULL,8842830,NULL,'2009-04-24 23:52:00','1973-12-28 09:02:27'),(104,104,3,'utz',NULL,3,NULL,'1991-08-24 21:36:05','1999-06-01 13:29:38'),(105,142,1,'xdp',NULL,9781,NULL,'1979-01-13 07:09:23','2020-04-11 11:11:37'),(106,164,3,'twd',NULL,38903,NULL,'2013-12-27 15:33:05','2017-09-24 00:16:01'),(107,68,2,'spot',NULL,2444,NULL,'2014-05-13 15:55:44','1992-04-03 13:32:55'),(108,110,3,'clp',NULL,140,NULL,'2011-12-28 22:19:29','2015-10-08 13:54:41'),(109,78,1,'otg',NULL,427,NULL,'1997-08-08 12:10:10','1973-05-13 16:58:45'),(110,145,2,'mka',NULL,443,NULL,'1999-12-01 04:38:02','2018-08-13 10:02:00'),(111,163,1,'rdz',NULL,664042353,NULL,'2020-10-21 08:59:53','1984-02-14 14:15:04'),(112,179,3,'ogx',NULL,9,NULL,'1992-01-16 16:03:00','1973-12-31 20:54:52'),(113,161,1,'sub',NULL,4731224,NULL,'1990-09-05 06:42:02','1988-07-24 11:42:23'),(114,187,2,'xpi',NULL,43,NULL,'2002-03-12 13:30:19','2009-12-20 05:03:16'),(115,1,3,'geo',NULL,92052,NULL,'1978-06-15 06:21:54','2018-08-14 04:17:25'),(116,44,1,'mmr',NULL,741837758,NULL,'1979-02-25 01:53:14','1982-12-01 21:58:30'),(117,66,1,'sh',NULL,28,NULL,'1974-11-28 22:36:07','2015-10-05 17:47:07'),(118,175,2,'vsw',NULL,384183,NULL,'2015-02-19 22:47:13','1970-09-24 16:12:17'),(119,136,2,'h264',NULL,5,NULL,'2010-05-25 07:05:08','1991-12-06 07:30:44'),(120,89,2,'blorb',NULL,92703,NULL,'1994-01-18 14:05:10','1978-12-09 23:58:15'),(121,128,1,'sti',NULL,5685,NULL,'2002-09-01 17:51:36','1985-03-12 20:20:39'),(122,56,3,'webm',NULL,50,NULL,'2004-09-19 17:53:43','1983-07-19 06:33:25'),(123,185,3,'dpg',NULL,20969,NULL,'1982-07-23 16:03:00','2016-03-27 11:20:17'),(124,173,1,'jad',NULL,100,NULL,'1988-11-15 14:53:43','1984-03-24 23:41:51'),(125,32,2,'blb',NULL,98507003,NULL,'2018-07-18 08:11:32','1972-01-21 06:53:29'),(126,156,3,'xenc',NULL,389550329,NULL,'1995-05-21 12:00:06','1977-10-15 18:48:24'),(127,180,3,'pot',NULL,56,NULL,'2016-12-17 22:25:46','2014-10-03 18:17:20'),(128,136,3,'tsv',NULL,671636,NULL,'1996-11-05 10:25:33','2010-02-17 18:32:49'),(129,182,2,'hdf',NULL,5,NULL,'2012-04-10 15:43:26','1980-10-04 17:09:42'),(130,65,3,'ttl',NULL,254866,NULL,'2018-11-10 06:14:27','1978-11-11 23:07:16'),(131,74,2,'vcf',NULL,48882482,NULL,'1980-09-06 21:02:04','1971-01-13 01:52:22'),(132,6,3,'dotm',NULL,1,NULL,'1973-05-09 17:36:56','1976-04-12 03:03:10'),(133,154,3,'docx',NULL,67,NULL,'2003-06-05 10:29:17','1986-09-03 22:53:40'),(134,38,2,'eml',NULL,95612611,NULL,'2001-11-16 14:01:30','2007-03-15 13:22:44'),(135,58,2,'cfs',NULL,62117996,NULL,'2005-04-02 00:59:53','1982-12-26 21:54:21'),(136,166,3,'ait',NULL,9426952,NULL,'1982-07-26 08:31:25','1989-11-25 17:11:38'),(137,179,1,'mp4',NULL,917,NULL,'1979-03-05 03:39:56','2006-07-13 18:47:45'),(138,181,3,'sh',NULL,1,NULL,'1994-12-17 10:14:45','1980-11-01 02:30:40'),(139,187,3,'nbp',NULL,419,NULL,'2002-05-28 08:47:11','2018-06-17 03:19:04'),(140,25,1,'lha',NULL,799719,NULL,'2002-04-27 00:25:19','2008-03-02 11:46:52'),(141,70,3,'tsv',NULL,805391750,NULL,'2000-07-27 12:58:28','2011-07-26 22:56:55'),(142,12,1,'css',NULL,59980,NULL,'2012-02-02 00:17:08','2006-02-11 09:43:47'),(143,115,3,'h264',NULL,5593698,NULL,'2003-06-23 18:09:57','1975-09-15 06:41:46'),(144,190,2,'xspf',NULL,91,NULL,'2012-02-22 01:45:43','1995-08-15 10:54:26'),(145,69,1,'odc',NULL,3,NULL,'2008-05-14 12:33:14','1970-09-20 14:51:49'),(146,78,3,'gramps',NULL,29681,NULL,'1987-01-14 02:15:41','1977-12-26 11:39:21'),(147,163,2,'3gp',NULL,669,NULL,'1993-04-18 23:28:32','2010-08-08 21:11:51'),(148,82,2,'rmvb',NULL,6162863,NULL,'2006-06-16 14:41:04','2003-03-12 13:05:13'),(149,62,2,'xspf',NULL,4183,NULL,'2016-03-15 09:58:32','1977-04-28 01:04:47'),(150,6,2,'cryptonote',NULL,1,NULL,'1995-03-31 02:24:55','2004-12-17 19:10:04'),(151,46,3,'rif',NULL,727,NULL,'1993-07-01 05:17:28','2003-07-27 16:45:49'),(152,106,1,'xhtml',NULL,0,NULL,'2018-11-23 09:30:41','2005-07-17 13:44:21'),(153,194,2,'x3dv',NULL,10536461,NULL,'1992-08-30 13:57:59','1979-04-05 18:21:44'),(154,188,3,'scurl',NULL,2156940,NULL,'2014-06-26 17:46:03','2008-03-21 10:34:39'),(155,38,1,'xenc',NULL,66445,NULL,'2001-12-11 03:17:31','1992-07-05 22:25:16'),(156,198,2,'gph',NULL,96,NULL,'1978-09-08 21:36:45','2006-10-29 22:09:03'),(157,193,1,'dms',NULL,5380,NULL,'1987-04-26 23:19:27','2019-02-27 05:42:32'),(158,156,2,'ftc',NULL,79,NULL,'1980-02-11 04:17:54','2013-03-18 19:44:52'),(159,156,3,'xht',NULL,342,NULL,'1985-07-13 18:48:53','1991-03-23 07:06:04'),(160,3,1,'m13',NULL,5,NULL,'1979-05-11 22:09:08','2014-03-25 02:53:07'),(161,199,2,'kon',NULL,764,NULL,'1972-03-21 23:57:31','1972-02-19 00:51:14'),(162,167,3,'uu',NULL,5790,NULL,'2000-04-20 23:01:45','2005-12-06 19:08:44'),(163,162,1,'vob',NULL,24991058,NULL,'1992-01-10 06:23:42','1989-06-27 03:02:19'),(164,79,1,'mp4a',NULL,78739,NULL,'2005-04-15 16:38:41','2002-12-03 16:48:15'),(165,168,2,'qam',NULL,758,NULL,'1989-01-09 10:18:51','1981-12-09 05:58:48'),(166,144,1,'mag',NULL,545350,NULL,'2020-02-14 18:53:20','1976-12-23 23:42:24'),(167,56,1,'js',NULL,51,NULL,'1993-04-13 09:59:47','2006-08-04 12:40:30'),(168,38,1,'cpio',NULL,946,NULL,'2011-10-30 16:28:00','2001-09-25 14:56:53'),(169,134,1,'sfd-hdstx',NULL,70956,NULL,'1980-01-12 07:14:08','2019-08-06 06:57:42'),(170,29,3,'kfo',NULL,816158435,NULL,'1987-07-25 13:04:29','1992-05-18 12:21:24'),(171,38,1,'karbon',NULL,593534117,NULL,'1985-03-09 03:21:51','2010-01-08 04:46:57'),(172,77,1,'sus',NULL,26,NULL,'1978-06-02 06:18:29','2012-02-16 20:10:01'),(173,36,1,'csv',NULL,8834,NULL,'2009-09-04 23:23:26','2013-11-08 05:13:21'),(174,138,3,'wbmp',NULL,77,NULL,'1996-01-13 16:08:06','1986-06-14 06:05:34'),(175,177,3,'udeb',NULL,247959061,NULL,'2006-11-01 15:12:58','2012-03-05 12:04:19'),(176,16,3,'avi',NULL,6,NULL,'2013-04-29 18:40:32','1973-03-18 01:05:35'),(177,20,3,'opml',NULL,0,NULL,'2003-01-17 16:16:00','2004-10-24 07:04:44'),(178,137,3,'emz',NULL,689748861,NULL,'1985-01-23 12:27:31','2009-09-01 16:58:08'),(179,30,1,'asf',NULL,4,NULL,'1986-01-25 20:49:04','1996-11-07 06:09:41'),(180,4,3,'dtd',NULL,62909,NULL,'1970-09-10 13:33:01','2000-12-19 14:08:48'),(181,99,3,'mag',NULL,10448803,NULL,'1996-10-03 08:00:08','2012-11-04 10:53:52'),(182,10,3,'wax',NULL,8,NULL,'1974-06-28 05:57:25','1992-04-18 05:43:22'),(183,195,1,'uu',NULL,574,NULL,'2019-02-12 07:13:58','1977-11-01 22:05:25'),(184,4,2,'ifm',NULL,10,NULL,'1980-12-28 17:15:55','2002-06-23 13:06:17'),(185,72,1,'src',NULL,799923593,NULL,'2013-12-23 19:43:31','2005-04-14 19:13:47'),(186,99,2,'svg',NULL,3390268,NULL,'2000-06-05 19:09:11','2006-07-29 18:02:22'),(187,59,3,'t3',NULL,286730,NULL,'1983-07-11 05:29:11','1989-11-20 04:38:23'),(188,139,2,'gam',NULL,347,NULL,'1972-09-04 20:49:15','1976-04-23 04:16:48'),(189,8,2,'sc',NULL,44042382,NULL,'2001-06-22 22:46:32','1972-08-31 05:39:54'),(190,85,3,'mmr',NULL,16882,NULL,'2009-09-21 18:12:07','2012-10-14 05:32:05'),(191,16,2,'xbm',NULL,971767477,NULL,'2017-08-04 00:35:34','1972-10-17 05:10:24'),(192,160,1,'m3a',NULL,47097314,NULL,'1971-02-01 11:07:58','1989-05-18 07:03:48'),(193,82,2,'s',NULL,9859685,NULL,'1985-06-04 13:03:28','1994-11-03 13:34:05'),(194,16,2,'xo',NULL,145155,NULL,'1994-09-12 04:37:05','2005-05-07 16:08:53'),(195,112,1,'uvvp',NULL,98502891,NULL,'2015-05-22 03:21:56','2003-03-23 12:00:33'),(196,108,1,'jpg',NULL,0,NULL,'1992-01-24 12:43:54','2004-09-16 20:08:28'),(197,167,2,'sfv',NULL,6854,NULL,'2003-03-28 06:52:36','1974-12-09 00:17:14'),(198,165,3,'sv4cpio',NULL,747,NULL,'2017-02-05 15:41:14','2006-05-06 17:21:50'),(199,164,3,'kpxx',NULL,7859,NULL,'1985-11-24 14:44:06','1986-10-22 21:49:41'),(200,90,1,'json',NULL,28649321,NULL,'1986-05-20 17:07:27','2017-12-24 20:41:07');
/*!40000 ALTER TABLE `media` ENABLE KEYS */;
UNLOCK TABLES;

--
-- Table structure for table `media_types`
--

DROP TABLE IF EXISTS `media_types`;
/*!40101 SET @saved_cs_client     = @@character_set_client */;
/*!50503 SET character_set_client = utf8mb4 */;
CREATE TABLE `media_types` (
  `id` int unsigned NOT NULL AUTO_INCREMENT,
  `name` varchar(45) NOT NULL,
  PRIMARY KEY (`id`)
) ENGINE=InnoDB AUTO_INCREMENT=4 DEFAULT CHARSET=utf8mb4 COLLATE=utf8mb4_0900_ai_ci;
/*!40101 SET character_set_client = @saved_cs_client */;

--
-- Dumping data for table `media_types`
--

LOCK TABLES `media_types` WRITE;
/*!40000 ALTER TABLE `media_types` DISABLE KEYS */;
INSERT INTO `media_types` VALUES (1,'audio'),(2,'video'),(3,'img');
/*!40000 ALTER TABLE `media_types` ENABLE KEYS */;
UNLOCK TABLES;

--
-- Table structure for table `messages`
--

DROP TABLE IF EXISTS `messages`;
/*!40101 SET @saved_cs_client     = @@character_set_client */;
/*!50503 SET character_set_client = utf8mb4 */;
CREATE TABLE `messages` (
  `id` int unsigned NOT NULL AUTO_INCREMENT,
  `text` text NOT NULL,
  `created_it` datetime DEFAULT CURRENT_TIMESTAMP,
  `from_user_id` int unsigned NOT NULL,
  `to_user_id` int unsigned NOT NULL,
  PRIMARY KEY (`id`),
  KEY `fk_messages_users1_idx` (`from_user_id`),
  KEY `fk_messages_users2_idx` (`to_user_id`),
  CONSTRAINT `fk_messages_users1` FOREIGN KEY (`from_user_id`) REFERENCES `users` (`id`),
  CONSTRAINT `fk_messages_users2` FOREIGN KEY (`to_user_id`) REFERENCES `users` (`id`)
) ENGINE=InnoDB AUTO_INCREMENT=201 DEFAULT CHARSET=utf8mb4 COLLATE=utf8mb4_0900_ai_ci;
/*!40101 SET character_set_client = @saved_cs_client */;

--
-- Dumping data for table `messages`
--

LOCK TABLES `messages` WRITE;
/*!40000 ALTER TABLE `messages` DISABLE KEYS */;
INSERT INTO `messages` VALUES (1,'Odio omnis necessitatibus eum eos consequatur. Vel et omnis placeat fugit fuga placeat est. Libero deserunt quasi doloremque nobis ullam iusto ducimus.','1979-08-12 20:38:07',32,36),(2,'Aperiam modi et culpa illum. Neque nam rerum non dolorem enim sapiente. Asperiores voluptas distinctio quia soluta cupiditate et sed molestiae.','1998-03-04 02:02:09',170,24),(3,'Blanditiis nihil laudantium ducimus aliquid qui ad. Suscipit debitis reiciendis rerum est dignissimos vel ut. Quia aut suscipit accusamus blanditiis quod quas ipsum.','2008-06-15 02:35:47',189,74),(4,'Iusto facilis enim voluptates nam. Velit illo dolorem saepe tempora non. Et sed rerum ipsum a magni sunt vel.','1975-02-08 10:37:57',81,102),(5,'Sapiente nisi iure hic corporis tempora deserunt non. Excepturi non reiciendis nisi. Quibusdam voluptate placeat ducimus id molestiae. Ducimus quam nemo occaecati illum.','2012-07-23 14:01:29',100,49),(6,'Odio ab nisi excepturi magni voluptatibus quibusdam. Dolorem facere debitis aut aut qui voluptatem. Sint molestias accusantium ut.','2010-07-04 05:39:32',166,30),(7,'Et mollitia vitae odio ut sit. Adipisci qui aut a eum. Cumque qui unde qui.','2015-10-18 06:34:44',59,157),(8,'Ipsum molestiae ullam nesciunt quis. Velit ut repellat est. Nobis reprehenderit iusto alias dolorem fuga aperiam.','1995-08-09 19:40:10',135,183),(9,'Voluptate perferendis quis aut mollitia animi. Ipsa et sit quas illum. Vero non sed tenetur consequatur enim iure nostrum.','1975-01-30 14:41:12',65,178),(10,'Pariatur ut autem mollitia est aut tempore. Quis id dolore culpa sit atque placeat id necessitatibus. Quia voluptas ullam non omnis rerum error. Molestias sunt eum voluptatem explicabo voluptatem et.','1988-01-31 18:46:31',165,113),(11,'Eos quisquam molestiae alias eos. Et quis magni tempore et ut dolorum ut. Dolor ut repellendus adipisci optio voluptas ab architecto. Aut laboriosam rerum error animi quas qui.','1977-09-06 06:04:39',120,159),(12,'Unde et quis non explicabo eveniet dolor. Asperiores enim animi sint occaecati vel. Voluptatem quisquam blanditiis consequatur rerum sunt dolores sint.','1999-09-14 07:49:13',142,74),(13,'Animi aut facilis quia libero earum eum deserunt. Vel numquam ut neque. Quisquam officiis dicta quia iure ratione. Rem voluptas nesciunt in vero suscipit.','1973-02-06 12:33:54',179,52),(14,'Amet quo sequi voluptatum error eos. Eum velit quas enim. Assumenda aut cum aut natus culpa reiciendis facere. Quisquam et libero consequatur numquam.','1989-12-14 07:57:56',174,196),(15,'Ut illo sint quo itaque. Accusantium aliquam quae commodi corporis. Voluptatem nam omnis nostrum quia eos assumenda.','2016-09-28 22:52:22',57,54),(16,'Consequatur et et qui quaerat qui vitae repellendus odit. Fugiat voluptatem doloribus saepe atque. Aperiam enim aliquid quam nam laudantium. In laboriosam vero voluptatum quibusdam.','2005-11-28 02:47:58',52,89),(17,'Laboriosam minima ea possimus ipsum nisi delectus quaerat. Facilis similique et voluptas cumque assumenda nemo. Voluptates eligendi voluptas eius.','1990-05-26 20:52:52',89,22),(18,'Praesentium rerum libero dolores delectus placeat. Architecto ipsum sed doloremque quis minus qui. Quaerat doloribus ut aperiam dolor ut quis beatae. Expedita nihil blanditiis eveniet quae.','2002-12-21 13:57:37',113,78),(19,'Ut officiis qui et ab necessitatibus. Possimus qui et porro rerum voluptatum et amet. Quidem tenetur modi earum. Quis sint est magni quam.','2000-10-07 13:19:50',95,193),(20,'Nemo cum iusto architecto odit mollitia quam non. Est quia consequuntur dicta facere. Minus quia et est quis.\nVoluptatem harum laborum enim cum. Eligendi molestiae et necessitatibus ea molestias.','2012-04-26 07:37:03',180,195),(21,'Harum ut nisi officiis. Sed quia et adipisci possimus enim blanditiis architecto veniam. Animi ad iste quia numquam.','1996-02-07 19:05:37',42,145),(22,'Similique quo ex vitae quisquam vitae non modi sit. Deleniti aut est sequi voluptatem ut. Neque officiis dicta facilis incidunt.','2000-08-12 00:30:05',24,100),(23,'Deleniti sunt quos sint velit illum enim quis unde. Nulla consequatur cumque fuga. Placeat minus laborum quibusdam quisquam deleniti dolorum. Culpa in voluptatibus repellat.','1976-09-23 19:47:13',101,159),(24,'Asperiores et fugiat qui. Minima ut reprehenderit deserunt magnam. Non facilis nobis sint quo consequuntur officia.','2015-09-30 00:10:17',83,166),(25,'Reiciendis illum molestiae tempore non quae. Sit consequatur quas dolores quos sed. Et et voluptate eum sit voluptatem voluptatibus.','1994-12-06 10:33:34',136,47),(26,'Consequatur animi quam maxime unde alias error voluptates. Totam a quia a excepturi voluptas distinctio. Velit velit sed earum expedita.','1995-04-30 04:18:51',78,56),(27,'Illum amet incidunt debitis totam placeat. Esse fuga qui nam earum id dolore.','1994-04-12 05:38:54',5,19),(28,'Recusandae asperiores quo totam sit. Odit suscipit magnam vel praesentium. Omnis nisi quasi aliquam omnis.','2007-04-26 06:33:11',129,184),(29,'Eum consequatur a maxime id. Nulla voluptas recusandae nihil quo deleniti. Neque accusantium reprehenderit quos rerum unde.','2017-03-20 23:12:20',70,103),(30,'Architecto voluptatibus sit voluptas consequatur necessitatibus. Eum et et quis. Doloremque modi aut ipsum voluptatem ipsa nihil esse.','1985-11-27 13:45:09',179,127),(31,'Dolorem molestiae velit et id. Iste explicabo id eos eaque laboriosam illum numquam. Voluptate a voluptates error est. Iure qui ab sed perferendis eligendi qui itaque autem.','2009-10-28 10:38:44',157,31),(32,'Fugiat fugiat eum et cum enim. Illum necessitatibus voluptatum deleniti sunt beatae aspernatur. Repellat quaerat voluptatem voluptas deleniti minus rerum ut. Dolore hic in consectetur.','1992-04-16 04:14:31',16,45),(33,'Vitae suscipit qui aut porro voluptate eaque. Excepturi ex odio sunt vero.','1993-01-17 09:53:16',53,128),(34,'Maiores saepe illum optio et et architecto architecto. Itaque ex quaerat et ut. Vel quaerat quia sit illum. Debitis eveniet a nihil. In et error aut quod laboriosam rerum.','1979-11-20 09:29:28',123,148),(35,'Sint quo dolores inventore laboriosam et consequatur perspiciatis aperiam. Natus quae repudiandae rerum. Quae corrupti voluptas distinctio libero.','1997-06-17 19:54:19',120,102),(36,'Incidunt qui alias numquam maxime. Voluptates soluta cum laboriosam ipsa dignissimos provident culpa eius.','2001-09-22 16:53:25',142,161),(37,'Voluptatem ut nobis molestias laboriosam. Corrupti perferendis dolorum earum. Sit quia sit debitis unde cum. Quod voluptatem vitae facilis numquam.','1983-11-13 08:40:56',47,165),(38,'Sapiente ad accusantium in enim. Libero deleniti occaecati eos dolorum. Voluptas et autem qui ut sed et sit sint.','1974-05-13 02:51:30',61,148),(39,'Mollitia qui expedita non velit optio est doloremque. Ut assumenda repellat aliquid voluptatem et error. Accusantium quis error et repellendus est corporis incidunt.','2001-02-24 17:09:18',124,143),(40,'Labore perspiciatis facilis porro. Ut qui et ut hic amet suscipit vel. Id eos aut similique sint omnis odio repellendus.','1971-03-25 01:39:55',113,60),(41,'Quia iure est occaecati autem facere. Animi ipsum voluptatem voluptatem asperiores. Aspernatur odio qui ad vero et soluta. Dolor consequatur minus temporibus est omnis officia.','1976-02-04 21:08:02',190,190),(42,'Sint dolor distinctio assumenda. Atque quae fuga explicabo aut saepe. Omnis itaque debitis aspernatur.','2001-01-15 16:07:12',115,195),(43,'Autem et et rerum quos autem mollitia et consectetur. Sint non id dignissimos et.\nAut esse et et at velit. Ratione repellat ad consectetur qui.','2006-12-01 15:52:17',9,44),(44,'Quibusdam aut et consectetur nihil dignissimos id. Aut commodi in alias molestiae fugiat. Provident rem nulla architecto placeat est.','1977-08-15 18:16:34',178,79),(45,'Et in consequatur est optio esse. Exercitationem non omnis porro veritatis. Consectetur reiciendis et temporibus ut ut et. Tenetur itaque at et aperiam ipsum.','2017-11-28 20:36:12',147,157),(46,'Optio sit autem sed minima iste dolorum odit. Et aut aut pariatur porro odio facere. Est quos necessitatibus similique non fugit.','1999-10-27 18:02:08',6,103),(47,'Autem quis molestias enim eius quia. Ducimus sint aspernatur accusantium voluptatem dolorum earum aut consequatur. Ut eveniet qui nulla debitis qui.','1976-05-28 19:19:52',188,21),(48,'Dolore sapiente exercitationem nihil asperiores omnis odit quia. Aut suscipit eaque blanditiis cum harum voluptatem similique. Quisquam voluptatibus nobis sed voluptatum.','2002-05-23 23:14:30',148,40),(49,'Labore beatae quo laboriosam eos. Quia et natus consectetur ea earum autem deleniti necessitatibus. Ut molestias maxime minima eveniet perspiciatis reiciendis vel.','2000-09-21 13:41:04',149,70),(50,'Laboriosam ut possimus quaerat dolore eligendi earum deleniti. Occaecati adipisci ipsam ipsam doloremque in. Laboriosam ab pariatur aut ipsam earum laborum. Repudiandae sit id laborum.','1981-04-12 19:27:45',187,68),(51,'Omnis quidem nemo alias sunt totam ea et. Et aut accusamus rerum atque dicta sed adipisci. Excepturi numquam quis molestias odit dolores aperiam dolor.','2011-11-29 18:39:20',172,128),(52,'Iste excepturi hic vel vel voluptas omnis. Libero possimus expedita tenetur. Iure sit unde est maiores vitae cumque nostrum sequi. Quam at quaerat incidunt assumenda asperiores id.','2017-08-22 05:49:09',29,18),(53,'Enim vel et consequatur at quo earum placeat qui. Voluptas id voluptates occaecati natus qui. Ut quas autem est facere itaque nesciunt accusantium.','2005-02-01 15:15:10',93,89),(54,'Sint nisi natus voluptatem quis sapiente et delectus quia. Nulla quae sed tenetur ut ut. Quaerat sunt similique cumque voluptatem consequatur. At commodi facilis at voluptas labore dolorem.','1984-09-26 22:31:56',166,16),(55,'Corrupti voluptas saepe pariatur et voluptate ad. Voluptatem corrupti quis nobis quo quo ipsam vel ratione. Hic dolorum autem mollitia itaque eveniet.','1974-12-30 06:13:12',31,78),(56,'Aliquid quia nam voluptatibus nisi officiis ipsa aut. Neque ad repellat et ut tempore illum. Dolores voluptatem assumenda cum impedit. Quibusdam aut exercitationem suscipit.','1974-03-01 22:39:07',75,21),(57,'Illo mollitia at possimus expedita sit error ea. Provident ullam totam eligendi facere est. Vel repellat expedita dolorum aliquam. Quisquam consequatur veritatis illo.','2015-05-25 06:05:30',68,190),(58,'Iure rerum quas autem saepe et magnam qui. Dolor explicabo sint libero deserunt laudantium. Sunt quis qui sit sit vel excepturi quae.','1980-12-22 17:49:25',15,76),(59,'Mollitia facere architecto sit in. Id explicabo perferendis sunt omnis beatae. Nulla dolorum quaerat quo.','1992-04-14 23:34:13',33,192),(60,'Eos excepturi sit enim dicta perferendis molestiae et. Qui et nihil ab ut qui nihil aut. Sunt et minus aut earum voluptatem fugiat.','1988-11-12 21:56:27',155,179),(61,'Architecto sed qui laboriosam et rerum nostrum maiores. Cum minus nostrum quisquam aut ut. Odio earum accusamus soluta numquam quo sapiente.','1977-09-13 00:32:03',149,160),(62,'Non est sunt minus maxime iste eos. Aut magnam doloremque dolorem quibusdam aut non. Unde debitis repudiandae omnis ad inventore voluptate.','1979-06-28 10:05:18',81,136),(63,'Maxime necessitatibus unde voluptatibus enim. Porro et sequi possimus quidem aut veritatis. Accusamus eum aut dolor iure ullam.','2003-06-01 19:16:44',181,29),(64,'Eos natus quia harum asperiores commodi quia. Maxime fugiat excepturi necessitatibus possimus. Accusantium saepe dolorum dolor aut.','1971-10-07 03:20:14',176,129),(65,'Molestiae qui natus nesciunt ullam voluptas quibusdam. Iure facilis expedita qui voluptate totam. Est reiciendis aliquid sapiente eligendi saepe sed autem.','2001-05-22 08:55:17',98,163),(66,'Est asperiores autem enim sint odit. Quas quasi aut ut ducimus culpa et. Sequi dicta doloribus quam. Rerum quia inventore odit soluta a necessitatibus.','1995-10-07 08:25:19',197,70),(67,'Consectetur perferendis aut est maiores sunt officia vel. Eum consequatur suscipit unde sit aut. Maxime maiores ut animi.','2006-10-26 12:00:41',90,25),(68,'Distinctio eum nostrum doloribus non. Est aliquid eligendi et. Ducimus non voluptatem culpa et consectetur nemo possimus atque. Accusantium quia repudiandae amet maxime aut vel.','2000-07-10 08:05:25',88,183),(69,'Expedita ipsam et reprehenderit aut delectus suscipit ab. Doloribus consequatur qui blanditiis animi maxime aspernatur quasi. Sint est est rerum.','2018-07-11 11:09:42',114,53),(70,'Molestiae et sunt voluptas qui velit at facilis. Laudantium dolor et aperiam quam explicabo. Voluptatem et neque non sunt. Quaerat perferendis vitae facilis ducimus.','2004-02-28 07:17:49',198,145),(71,'Nobis qui nihil cupiditate porro quia quis repellat. Eius sequi quo autem tempora suscipit ipsum deserunt.','1982-10-15 07:00:38',130,73),(72,'Id rerum possimus quo dolores harum. Consequatur id adipisci in eligendi quis facilis similique. Eum et corporis enim sapiente ut.','1970-02-17 08:59:54',165,197),(73,'Similique dolorem libero eos repudiandae dolore voluptatum dolor. Sit numquam eos nam. Non repudiandae velit quaerat.','2012-01-19 15:53:04',62,179),(74,'Quas voluptatem temporibus rem occaecati omnis. Tenetur quas molestiae rerum velit aliquam. Laborum recusandae repudiandae et nulla sed.','2016-12-09 07:32:59',73,95),(75,'Consectetur nihil exercitationem a et culpa ut error velit. Quia porro labore vel et sunt quisquam. Accusamus sint maiores totam voluptatem. Eos reiciendis deserunt velit quod quae.','1977-06-21 00:45:07',171,27),(76,'Error pariatur et quibusdam quo sint. Et officiis et praesentium vel. Sunt dolore pariatur corporis eum quas.','2020-10-19 16:20:32',73,120),(77,'Ad eum repellendus error corrupti repudiandae. Dolorem exercitationem perferendis nesciunt officiis fugit. Non est ipsam eaque aut facere enim qui.','2020-10-21 06:33:55',187,154),(78,'Officia et minus laboriosam repellat. Placeat hic culpa numquam laudantium. Architecto rerum eos molestiae dolores sit. Libero est sequi veritatis animi libero.','1981-04-07 01:45:18',56,168),(79,'Asperiores non illo corrupti voluptas cupiditate nihil eaque ratione. Dicta sunt quia nulla molestias maiores eum quam. Aperiam et et temporibus cumque eos necessitatibus vel.','1981-11-29 11:28:57',182,31),(80,'Laudantium beatae et non repellat soluta molestiae. Eum distinctio quasi nesciunt omnis numquam. Dolor fugiat quam non in.','2001-03-27 04:51:19',96,79),(81,'Vero eos perferendis quae blanditiis. Reprehenderit aut qui et labore quas veritatis in. Alias ea ut voluptas quod vel et.','1990-02-24 06:38:38',193,93),(82,'Nisi est est autem quo. Saepe a sed sequi unde qui vel beatae excepturi. In adipisci sed voluptatibus accusamus doloremque placeat.','2014-03-07 10:11:05',149,83),(83,'Suscipit est repudiandae dolore voluptatem. Aut modi est quod neque sunt et aliquid. Sit rerum culpa nam nihil.','1987-04-01 22:27:40',118,36),(84,'Qui sint optio sequi expedita deserunt voluptatem. Alias dicta veniam distinctio sint porro consequatur et. Officia sit eligendi quia et. Quibusdam sed harum distinctio quo accusantium quasi.','1983-06-11 00:19:01',65,31),(85,'Necessitatibus veritatis quia iusto et dolores. Autem autem pariatur quod temporibus quis. Ipsa aut quibusdam dolores id sit ipsam. Cum laboriosam quis saepe et similique minus.','2009-12-26 08:03:08',88,63),(86,'Aut laborum qui accusamus qui et. Ut in et mollitia occaecati. Maiores pariatur dolor dolores aut qui. Eveniet atque esse non excepturi commodi error ut sapiente.','2012-02-20 20:17:06',176,18),(87,'Modi ex sapiente odio et consequatur ut sit. Et quia pariatur non quo fuga mollitia voluptatem. Totam soluta eius ut repellendus quibusdam consequatur.','1991-07-27 22:33:32',136,140),(88,'Saepe voluptas voluptates dolores quis temporibus pariatur sequi voluptatem. Ea quia doloremque voluptatibus eum repudiandae pariatur. Eum sed aperiam possimus recusandae quam.','1994-08-21 05:06:41',14,197),(89,'Aliquid ipsum enim aut porro eius rem ipsum. At similique laudantium itaque. Dolorem omnis iure recusandae rerum adipisci inventore fugiat. Nihil ipsum omnis et magni non unde tenetur.','2014-12-26 23:17:17',119,87),(90,'Autem aperiam velit consequuntur sequi ea ipsum. Veritatis et quae sint cupiditate odio nihil. Eum iusto id nihil et. Sed nam aliquam eveniet aut.','2012-03-25 04:38:38',91,90),(91,'Fugiat dolorem officiis et vel est aliquid aliquid minima. Nam blanditiis quidem vero voluptatem corporis. Praesentium similique molestiae laudantium omnis velit aut.','2013-03-14 03:40:56',113,164),(92,'Voluptate aut voluptate ad ut. Rerum exercitationem adipisci sed ducimus. Pariatur eius et ut aut. Explicabo qui dolor expedita maxime qui asperiores voluptatum.','2000-08-19 08:16:13',9,100),(93,'Commodi velit fugit totam et quia architecto odio. Molestias nobis incidunt consequatur. Aut deleniti quos omnis impedit quis ut aut. Natus nihil laborum rem quo sed aut.','1986-04-14 17:45:06',117,64),(94,'Et id qui doloribus recusandae esse ut. Cupiditate placeat qui tempore accusantium hic in quod. Et dicta eaque nobis minima qui similique. Velit nobis quo sunt aut.','1990-10-05 17:40:46',67,98),(95,'Sint possimus delectus eius tempore quisquam rerum itaque. Ipsum neque odit minima molestias sunt. Animi autem ipsam quia repellat.','2008-11-02 20:56:54',95,163),(96,'Aliquam rem eum tempora sed. Nihil odit dolore harum ullam. Praesentium exercitationem eius pariatur maiores ipsam. Aut impedit atque animi et reprehenderit repudiandae ut facere.','1998-10-21 07:04:20',177,87),(97,'Temporibus nobis ducimus omnis accusamus. Aliquid sed ducimus minima ipsam sunt recusandae. Corrupti aut delectus fugiat eaque optio eum voluptatum.','1999-02-20 00:06:11',55,126),(98,'Repellendus sed voluptatem sed nobis deserunt. Ipsam enim consequatur dolor facere aut et doloribus modi. Unde tempora possimus ipsum quod.','1993-07-23 14:57:44',170,172),(99,'Accusantium ut aspernatur aspernatur. Beatae omnis numquam temporibus architecto nam dolores et.','1979-01-17 17:45:06',161,34),(100,'Quia possimus minima corrupti reiciendis. Recusandae explicabo voluptatibus tenetur quas ad. Quis animi omnis magnam dolores. Dicta consequatur aut consequatur sit vero.','1975-03-18 16:13:31',3,49),(101,'Voluptatum repellendus exercitationem repellat nesciunt nihil in. Qui consequatur sed sequi nulla. Nostrum officiis necessitatibus quo accusamus. Recusandae non odio sunt qui.','1993-02-09 23:01:46',96,178),(102,'Facilis enim ut facilis quam dolore et totam molestias. Mollitia a sed nisi impedit magnam in itaque. Vero sint corrupti ut ab illum repellat rem.','2000-01-30 09:55:07',66,31),(103,'Quibusdam suscipit ut illum velit et. Quam aut voluptates ea qui similique.\nImpedit voluptatem quidem corporis. Non dolor suscipit sequi. Est qui minus commodi cupiditate tempore harum sit.','1976-07-08 21:55:03',118,80),(104,'Officiis dignissimos amet libero reiciendis numquam. Neque dicta architecto modi fugiat. Quibusdam fugiat ut porro est debitis quas. Fugiat magnam omnis sit odio quia est.','2019-06-10 10:18:14',28,36),(105,'Vel voluptatem magni eos quod autem. Repellat voluptates quo voluptas error molestiae.','1992-10-07 15:52:06',166,119),(106,'Voluptas alias dolor recusandae deleniti molestiae voluptas. Voluptatum et beatae et aspernatur odio dolore. Est illo ducimus quia quae id. Dolores laborum ad non. Vitae possimus non nam ad.','1993-06-16 03:32:38',126,79),(107,'Est dolores quia eos inventore. Occaecati est ex ea. Vel ut asperiores omnis.','1972-08-30 03:21:18',82,134),(108,'Distinctio sed eius aut sed minus occaecati. Aliquam officia non blanditiis a veritatis. Voluptatem vel accusantium eum non qui id numquam. Omnis natus occaecati odio et magnam temporibus reiciendis.','1998-05-15 14:42:09',179,199),(109,'Consequatur sint itaque adipisci quidem ut. Eius sapiente a sequi minus quod cum hic veniam. Ut similique dolorem officiis iusto optio et illum.','1980-12-19 13:59:57',197,45),(110,'Occaecati consequatur quia ipsum non omnis doloribus nam. Aliquid nulla animi est ut laboriosam cumque. Et deleniti totam iste consequatur ut cupiditate.','2003-05-28 12:02:02',97,92),(111,'Ut voluptas magnam et autem autem. Qui sed suscipit nihil ut vel quis. Vel voluptate sit autem minus sunt at. Et quod est esse quo odio.','2010-11-25 18:46:23',8,74),(112,'Consequuntur in cumque et est qui. Nisi sint quasi dolores nesciunt saepe quis earum. Necessitatibus quia voluptatem culpa quia delectus. Rerum sunt odit quia.','2018-09-30 10:35:24',178,63),(113,'Aliquid aut consectetur voluptate. Ipsam voluptatum consequatur dicta. Accusantium aut dolorem et amet ratione at. Nemo facilis enim itaque sed.','1978-03-04 21:01:58',199,147),(114,'In nam repellendus possimus fuga. Deleniti aut consectetur ratione magnam. Et aut et quo sunt modi id.','1983-08-30 19:10:50',34,159),(115,'A est voluptas repudiandae eius quia iusto. Quasi quis facere mollitia enim. Officia blanditiis ipsam expedita non. Excepturi repellendus perferendis hic recusandae.','1989-04-29 08:38:38',181,37),(116,'Aut quasi cum velit dicta. Qui eos dolorem quia quod id temporibus in.','1986-06-01 08:19:35',8,77),(117,'Est quo quasi est ratione error qui provident. Ea atque unde repellat qui eveniet.','1997-01-27 21:00:39',14,73),(118,'Suscipit saepe autem qui dicta. Quos omnis molestiae sunt sit voluptatem modi consequatur.','1982-01-07 01:24:48',107,132),(119,'Nostrum et repellendus fugiat dolorem. Temporibus earum eius quibusdam at. Illo aut occaecati nulla reprehenderit dolorem eum.','1988-09-04 00:33:33',152,135),(120,'Maiores quos omnis sunt earum odio sunt qui impedit. In qui sint veniam nobis.\nCorporis tempore et officia. Ea aut unde eos vel unde nemo facere dolorem. Totam molestiae voluptas error ratione aut.','1972-01-20 10:46:06',167,118),(121,'Et quam qui vel. Harum quasi quia inventore tempore. Consequatur ut qui qui et quaerat quae quae molestias.','1989-09-25 07:51:43',53,92),(122,'Vero corporis non sequi excepturi cum corrupti aut. Voluptas doloribus minima ab et. Labore blanditiis quis commodi qui eaque vel. Qui ut sapiente omnis doloribus unde expedita.','1992-09-05 10:42:53',196,135),(123,'Repellendus ad est deserunt hic. Accusamus fugiat sit eligendi. Dicta debitis vel voluptatibus perferendis. Aliquam dolores est suscipit ab recusandae qui.','1983-05-02 14:48:47',26,174),(124,'Dolorem vel quibusdam ad deleniti et. Placeat in consequuntur voluptatem vel quasi minima aut. Quia inventore et eveniet sit aperiam officiis non. Et rerum impedit et porro molestiae.','1983-03-22 03:47:52',134,23),(125,'Sit quia expedita voluptas omnis rerum laudantium. Eum deserunt a modi. Ut perferendis libero et et autem minus. Nam repudiandae ut maxime officiis tempore ducimus incidunt.','1978-06-29 04:51:41',19,30),(126,'Numquam natus ipsam enim cum. Ratione assumenda sed quaerat ut deserunt consequatur ut cumque. Excepturi quidem animi sit ducimus sint ex. Possimus quibusdam occaecati dolores ut aut voluptate.','1997-11-05 22:25:59',114,27),(127,'Quibusdam qui nobis culpa rerum unde dicta. Vel et totam veritatis ut cum reprehenderit aspernatur. Nemo non est vel repellat soluta eum dolorem. Et est ex dolorem.','2012-07-31 03:07:22',103,92),(128,'Doloribus consequatur temporibus et doloribus. Dignissimos eius laboriosam est et velit. Cumque culpa ut modi adipisci porro cum qui. Nam natus enim vitae quia repellat eum iusto.','2010-04-11 22:24:00',89,102),(129,'In numquam nostrum aliquid commodi dolore at. Est officiis ducimus aperiam odit.','1985-10-05 03:54:34',38,122),(130,'Itaque aut perferendis eum et veritatis unde id. Est eius quo perspiciatis delectus aperiam. Ut iure exercitationem provident soluta cupiditate ea. Et alias aut quaerat iste.','1990-06-28 18:54:58',61,19),(131,'Ad deserunt harum in id. Saepe ipsa quia aperiam non a dolores. Reiciendis ullam quia ab repellendus.','1996-02-23 12:51:59',159,68),(132,'Quis quo ipsum natus dolores. Commodi assumenda qui voluptas omnis dolorem in et. Non aut dicta vel. Velit accusantium placeat officiis. Magni ea aut aperiam laudantium.','1978-09-10 21:34:40',95,172),(133,'Libero nam cumque quia sit accusamus id et. Est et dolorum dolorem fugit. Consequatur praesentium sunt voluptate voluptas placeat.','2007-10-17 00:54:08',140,2),(134,'Et nulla qui qui hic fugiat voluptatem. Possimus dolor beatae ullam. Quas sed error molestiae occaecati iusto voluptates ea. Tempore voluptatem rerum eum pariatur.','1998-12-01 19:08:37',103,92),(135,'Unde suscipit nihil doloribus illum facere quia ipsa. Repellendus debitis deserunt repellat sit nostrum laudantium. Placeat non omnis qui iusto voluptatem ut.','1995-12-03 04:41:16',136,70),(136,'Deleniti iste voluptas nulla minima. Vel distinctio magnam qui sed esse non laudantium.','2006-06-09 09:16:56',10,189),(137,'Iste non molestias consectetur eum et. Deserunt id quae qui velit. Necessitatibus est et ipsum dolorem eveniet. Rem voluptate sint vero magnam.','1992-11-22 00:03:13',162,6),(138,'Quod harum et nisi similique. Repellat assumenda sint et vel. Natus nemo aut ut expedita aut.','2018-12-05 02:29:38',123,188),(139,'Vero omnis eaque reprehenderit maiores sit. Delectus omnis aut rerum nihil dolore placeat. Labore est mollitia nobis rem et occaecati. Voluptatem doloribus ratione illo labore.','2006-04-07 03:49:48',180,57),(140,'Amet quam corporis nulla aliquam. Eos aut dolor id. Quia repudiandae dolorem facilis recusandae maxime ut velit. At hic et eum expedita facere illum.','1999-03-25 03:06:02',10,198),(141,'Nihil magni ut eaque tempore ratione. Aspernatur quo maiores occaecati nisi aliquam. Aut vero molestias qui cum temporibus blanditiis eos. Dolores quis est voluptate odit eos ipsum.','1999-11-26 12:51:10',86,123),(142,'Est omnis est in. Qui omnis sed officia et in quidem est. Id itaque modi libero est delectus velit enim. Sed reprehenderit consequatur est tempora.','1970-02-12 04:23:35',24,189),(143,'Ut ipsa culpa dolor voluptas. Perspiciatis suscipit distinctio rerum impedit eos explicabo. Error reiciendis ut explicabo.','1995-06-13 16:50:14',14,112),(144,'Ut nihil quas laborum exercitationem autem odio. Et dolorem impedit voluptatem officiis cumque. Est eaque dolor et enim. Nostrum pariatur sequi magnam repellendus.','1992-08-06 23:17:24',90,52),(145,'Est reprehenderit quidem sit aut omnis saepe. Excepturi in nam repudiandae ut eos minus unde. Consequuntur odit veniam officiis.','1990-11-29 13:25:15',34,150),(146,'Ut quia qui incidunt eveniet voluptas. Corrupti culpa dicta necessitatibus facilis veritatis amet et. Impedit autem voluptas officia dolor eius quod. Dolorem delectus earum atque velit aperiam hic.','1996-02-05 12:29:15',70,192),(147,'Praesentium et sequi eius est voluptatem totam quis. Ad aperiam minima et consectetur consequatur. Voluptas possimus quia perferendis nisi et iste non amet.','2012-07-09 16:40:53',18,165),(148,'Fuga ut laboriosam fugiat sunt. Consequatur quibusdam est repellendus eveniet. Impedit eum sed molestiae quo neque. At et sint consectetur pariatur.','1973-04-30 12:16:47',164,158),(149,'Quod dolorum perspiciatis inventore perspiciatis. Minus blanditiis omnis voluptas repudiandae consequatur quo at. Ex porro dolor autem.','2003-03-10 01:42:53',166,67),(150,'Earum natus tenetur molestiae harum omnis aliquid. Corporis eaque quam incidunt itaque tenetur. Corrupti autem non qui est velit rerum. Sunt pariatur et maxime nostrum labore maxime.','1988-04-27 06:51:43',49,101),(151,'Quidem ab quibusdam et labore id. Reiciendis aliquid necessitatibus velit sit optio eum. Distinctio vitae sit quis quidem.','1995-04-26 17:26:50',137,59),(152,'Veritatis ut sit alias quas ea eveniet et. Est non non pariatur aut omnis. Eveniet error consequatur saepe sint voluptas natus itaque. Saepe sed porro ipsum qui qui in harum ut.','1979-10-30 03:55:49',89,98),(153,'Illo id ea consectetur perspiciatis cum sint. Reprehenderit non molestiae excepturi harum autem non. Itaque eos omnis ut reiciendis a.','1995-10-30 06:55:50',64,12),(154,'Debitis sequi corporis vero nisi magnam est. Qui quos voluptatem autem. Sit voluptatem perferendis est cumque.','1996-03-18 01:27:29',86,43),(155,'Illo in non velit recusandae. Nihil autem error nulla totam. Corrupti aperiam est beatae blanditiis recusandae sed. Cumque quis error dolorum fuga aperiam sunt asperiores.','2005-12-24 07:28:34',68,95),(156,'Velit vero quia architecto eaque et tempora. Hic veritatis pariatur tenetur expedita voluptates reiciendis. Culpa doloribus mollitia consequatur culpa temporibus. Et et aut dignissimos amet.','1977-07-04 08:02:25',41,154),(157,'Eaque aut qui dolores sunt quo libero est. At unde vel culpa dolorem aliquam ut. Quia excepturi tempora quas consequatur nam. Assumenda architecto ut magnam necessitatibus quibusdam aut et.','1983-06-14 00:47:12',17,65),(158,'Veniam reprehenderit omnis minus aliquam dolore. Assumenda et fugiat aut. Itaque tempora consequatur velit assumenda. Aut eos odio quae iure aperiam.','1992-07-22 16:24:02',143,31),(159,'Facere at consequatur id non sint a omnis. Repellat praesentium earum officiis. Itaque neque et impedit. Repellendus natus aut deleniti nihil id nostrum enim.','1992-12-05 03:46:32',176,33),(160,'Perspiciatis dolor dolores nisi qui labore incidunt. Facilis qui recusandae aperiam enim ut sed quia debitis. Illum assumenda fugit ab quod vel perspiciatis soluta.','1979-08-16 01:40:11',82,10),(161,'Sit laboriosam excepturi et voluptatem eaque. Molestiae et inventore et tempora eos. Dolor dolor soluta ipsa dignissimos possimus quo. Itaque delectus repellendus ducimus voluptate.','1979-01-09 02:43:05',183,152),(162,'Vitae molestiae esse ipsa qui voluptatem aut. Iste ut suscipit ut nulla optio repellendus voluptatem. Nesciunt quaerat ut id molestias.','2018-05-03 07:37:51',2,200),(163,'Animi dolorum autem voluptates asperiores minima nobis. Sint id iusto id molestiae nemo. Non voluptatem tempore error voluptatem commodi similique odio.','1989-12-24 14:10:09',116,166),(164,'Recusandae atque doloremque dolor nisi veritatis quae omnis mollitia. Totam illum voluptatem a eum optio maxime ut. Tempore officiis qui quis sit sed ut officia.','1976-04-15 09:27:58',157,82),(165,'Nemo vel asperiores provident et. Qui doloremque harum at aliquam. Ut earum repellat perspiciatis ea non. Sint animi sed sit quod qui laboriosam.','1986-11-17 13:26:33',32,6),(166,'Delectus est ducimus cupiditate eos error et. Adipisci at dicta voluptatem in dolorem. Sit incidunt fugiat amet quae exercitationem omnis.','1980-02-01 08:31:55',183,168),(167,'Officia maxime aspernatur sint quo. Nemo quia magni pariatur voluptas aut labore. Officia quisquam numquam quia fugit velit. Id et ea eum et quo dolorem quibusdam.','2019-02-15 21:10:53',64,72),(168,'Explicabo facere ipsam ut eveniet cumque ipsum. Sit fugiat facilis est corrupti repudiandae numquam. Sequi vero vitae et laborum animi.','1970-03-13 18:06:49',66,127),(169,'Qui delectus laudantium eligendi est fugiat deserunt culpa. Illo ut commodi quo provident. Placeat dolor reiciendis ut iure debitis nobis.','1977-02-12 04:19:05',83,151),(170,'Eius et perspiciatis dolores occaecati. Sint quo debitis unde eius praesentium iste molestiae. Sequi harum neque est dolorem eum accusantium doloribus.','1995-11-23 11:16:17',170,151),(171,'Illo in quidem quas quod rerum alias eos. Quis deleniti alias est repellat ea. Asperiores quas architecto et accusantium rerum. Et sed qui nesciunt similique. Inventore dicta blanditiis eum ea quia.','1976-08-23 10:06:09',46,10),(172,'Magnam qui in in quisquam adipisci iusto porro. Ipsum velit tenetur est qui debitis inventore ut. Aut asperiores amet sit nulla. Possimus aspernatur earum deserunt unde sit.','2013-10-28 01:49:20',105,62),(173,'Ut rem atque dolorem et. Ipsam sed vero fugit ex corrupti. Ea perspiciatis sed unde.','1999-11-15 22:09:45',74,47),(174,'Molestiae eaque quis eos omnis alias. Porro doloribus hic rerum temporibus voluptatibus. Enim voluptatem et blanditiis deleniti alias in perspiciatis. Reiciendis delectus autem minima quos mollitia.','2015-08-23 20:59:34',93,50),(175,'Aut doloremque cumque quia est odio laudantium. Et sed dolor assumenda quaerat excepturi ut.','1977-08-19 23:00:03',79,174),(176,'Veritatis aut qui rerum ipsa dolores ut quas. Magnam aspernatur id quia expedita qui perferendis. Sunt consequuntur perferendis sunt facere et. Doloribus aut suscipit beatae animi est qui.','1978-04-23 05:49:11',60,62),(177,'Est eum temporibus neque autem quibusdam in. Excepturi rem fuga quod quia qui eaque molestiae. Quia et earum tempora. Sapiente commodi est magni ut.','2013-06-29 14:57:19',126,61),(178,'Neque sequi vel quae id repellat. At unde qui incidunt voluptates reprehenderit vero. Ut qui officia dolores omnis quidem voluptatem eum.','1970-09-08 09:25:41',61,42),(179,'Rem eligendi temporibus quis ut sed facilis. Voluptatem dolores at cumque quod tempore. Velit voluptas ea eum quo est eveniet. Accusamus praesentium reiciendis quibusdam ut quos ex.','1984-09-06 08:57:56',26,18),(180,'Dolorem rerum repudiandae omnis facilis exercitationem. Sapiente neque cupiditate cupiditate. Magnam quo asperiores minima. Esse velit molestias a.','2004-05-22 18:53:07',124,58),(181,'Quia exercitationem fugit qui molestias totam. Accusamus tempora tempore qui eligendi quia molestias sit. Esse itaque dolor non debitis. Rerum distinctio animi occaecati numquam.','1970-03-14 09:10:03',23,106),(182,'Quis soluta enim repellendus omnis et. Quo numquam facere nihil est ut consequatur. Magnam ut nostrum aut quo libero voluptatibus ipsum.','1993-08-06 16:53:47',25,86),(183,'Assumenda quod deleniti alias velit. Consequatur et incidunt iure est consectetur eaque.','1997-10-10 23:14:56',177,91),(184,'Et deleniti rerum consectetur error voluptate. Nihil qui voluptatem corrupti laborum fugit qui. Cum sint consectetur accusamus. Eveniet blanditiis necessitatibus hic eos dolores.','1977-06-06 16:08:53',13,60),(185,'Tempore velit eius porro dignissimos facere minus omnis. Sunt sed unde nisi et. Quas voluptatibus sed incidunt sequi velit architecto. Tempora voluptatibus unde dolor magnam.','1991-12-29 21:04:47',42,183),(186,'Molestiae ea dolore ea. Reprehenderit temporibus quo velit temporibus et. Nobis totam voluptate minima sunt est vel fuga numquam.','1974-03-28 10:20:59',11,87),(187,'Error debitis quia eligendi adipisci. Rerum unde sit temporibus nostrum provident. Reiciendis veniam et quia.','1978-09-23 23:48:25',192,115),(188,'Voluptas ex voluptatem nesciunt eius. Molestiae doloremque ut quia aliquam sit rerum. Ut cumque dolor vel voluptatem sed. Laudantium soluta omnis aliquam et voluptatibus quaerat assumenda quibusdam.','1990-05-29 11:50:13',149,66),(189,'Inventore aliquam corrupti est deserunt. Qui et earum officiis ab. Dolores et optio blanditiis excepturi. Assumenda perspiciatis at aliquam libero rerum ducimus adipisci sed.','1971-11-18 02:57:27',162,41),(190,'Similique voluptates aut non aperiam minus porro. Quas debitis optio minima facere vitae ipsum. Aliquid est qui hic cumque doloribus.','2011-05-20 13:26:46',115,41),(191,'Rem dolore sed esse a vel. Eligendi et nesciunt optio consequatur et. Eum in amet non qui rerum sit.','1989-04-12 04:26:19',15,175),(192,'Dolores et est expedita est eos. Voluptas et sit dolorem sequi. Quibusdam architecto nostrum explicabo veniam placeat. Et aut tenetur cumque quae fugiat eum.','1971-09-12 04:39:01',102,141),(193,'Nihil qui velit nihil quibusdam et suscipit quibusdam dolores. Officia et quas rem qui ratione sed.\nOfficia aut cum eos eum qui non deserunt. Sunt dolore voluptas nisi omnis eaque eveniet voluptas.','2002-07-28 17:43:58',35,163),(194,'Temporibus dicta expedita ut. Quam perferendis voluptate sed iste ut facere.','1983-10-24 04:56:40',182,61),(195,'Necessitatibus quo fugit ratione debitis molestiae nam ad in. Dolore eaque amet architecto officia. Reprehenderit et voluptas beatae fuga maxime repellendus. Id ex soluta odio quis.','1999-05-30 18:32:39',180,105),(196,'Eius provident illum dolor non eos et. Consequatur rerum nam iure tempore. Accusantium magni veritatis iste ducimus. Quisquam a rem cupiditate sint molestiae.','1975-06-15 07:01:29',118,2),(197,'Ipsum vel tempore nam autem molestiae quia dolore. Mollitia in incidunt eum veniam est ut voluptatem. Labore non repellat explicabo tenetur.','1999-01-15 22:40:17',10,143),(198,'At cum suscipit vel iure sint tenetur explicabo. Modi rerum non nihil velit ut architecto. Quisquam repellat beatae et. Quas blanditiis quis quis ut ea et.','2018-01-15 02:10:51',88,187),(199,'Consequatur architecto harum aut. Numquam voluptate nulla ullam illum alias dolor repellat. Vero velit doloremque quo rem quisquam. Assumenda doloribus laboriosam deleniti incidunt aut autem.','2003-11-02 22:30:29',34,101),(200,'Perspiciatis sit pariatur cum et. Ut quam voluptates mollitia. Aspernatur aut magni ut et quo.','1992-01-14 22:06:54',46,75);
/*!40000 ALTER TABLE `messages` ENABLE KEYS */;
UNLOCK TABLES;

--
-- Table structure for table `posts`
--

DROP TABLE IF EXISTS `posts`;
/*!40101 SET @saved_cs_client     = @@character_set_client */;
/*!50503 SET character_set_client = utf8mb4 */;
CREATE TABLE `posts` (
  `id` int unsigned NOT NULL AUTO_INCREMENT,
  `users_id` int unsigned NOT NULL,
  `communities_id` int unsigned DEFAULT NULL,
  `media_id` int unsigned DEFAULT NULL,
  `text` text,
  `created_at` datetime NOT NULL DEFAULT CURRENT_TIMESTAMP,
  PRIMARY KEY (`id`),
  KEY `fk_posts_users1_idx` (`users_id`),
  KEY `fk_posts_communities1_idx` (`communities_id`),
  KEY `fk_posts_media1_idx` (`media_id`),
  CONSTRAINT `fk_posts_communities1` FOREIGN KEY (`communities_id`) REFERENCES `communities` (`id`),
  CONSTRAINT `fk_posts_media1` FOREIGN KEY (`media_id`) REFERENCES `media` (`id`),
  CONSTRAINT `fk_posts_users1` FOREIGN KEY (`users_id`) REFERENCES `users` (`id`)
) ENGINE=InnoDB AUTO_INCREMENT=201 DEFAULT CHARSET=utf8mb4 COLLATE=utf8mb4_0900_ai_ci;
/*!40101 SET character_set_client = @saved_cs_client */;

--
-- Dumping data for table `posts`
--

LOCK TABLES `posts` WRITE;
/*!40000 ALTER TABLE `posts` DISABLE KEYS */;
INSERT INTO `posts` VALUES (1,168,10,43,'Incidunt maxime mollitia ut nobis.','1986-10-22 17:22:09'),(2,64,3,83,'Eum aut quam aut deleniti.','1971-05-10 16:59:22'),(3,197,10,79,'Dignissimos provident neque id.','2016-01-02 08:09:10'),(4,93,6,25,'Consectetur repellendus explicabo perspiciatis cum ea modi.','1977-03-24 08:22:44'),(5,102,6,98,'Sunt voluptas quisquam cum quibusdam ut.','0000-00-00 00:00:00'),(6,189,10,115,'Animi soluta et blanditiis voluptatem.','1971-01-09 02:29:52'),(7,152,9,141,'Animi provident deserunt nobis excepturi.','0000-00-00 00:00:00'),(8,150,7,21,'Numquam sunt tempora dolore inventore earum.','0000-00-00 00:00:00'),(9,138,1,170,'Atque ullam aut aspernatur eius et.','1974-11-27 01:26:04'),(10,141,9,53,'Dignissimos fugiat sit voluptatem itaque quam.','0000-00-00 00:00:00'),(11,64,8,36,'Consectetur in ut et est quisquam harum.','0000-00-00 00:00:00'),(12,107,1,78,'Doloribus aliquam ducimus voluptatem voluptatum assumenda dolores quos.','2004-01-01 11:51:32'),(13,189,1,62,'Ea nobis nobis sit voluptas quibusdam illo.','0000-00-00 00:00:00'),(14,68,5,167,'Minus odio earum ut et sit nihil.','0000-00-00 00:00:00'),(15,93,10,69,'Nisi nulla sit placeat est.','0000-00-00 00:00:00'),(16,190,10,58,'Quaerat aliquam est optio enim necessitatibus.','0000-00-00 00:00:00'),(17,105,7,34,'Error harum aliquid maiores a.','0000-00-00 00:00:00'),(18,46,5,157,'Quo tenetur laudantium id sit quaerat pariatur sed delectus.','1980-01-18 03:03:29'),(19,66,2,174,'Accusamus saepe quia reiciendis necessitatibus.','2018-03-22 19:21:40'),(20,36,9,148,'Est reprehenderit eos soluta aut nobis ratione sed.','0000-00-00 00:00:00'),(21,89,2,90,'Quae praesentium inventore quas voluptatem expedita commodi.','2006-01-23 23:11:34'),(22,125,7,95,'Ducimus deserunt omnis enim aut pariatur.','1997-08-02 16:20:51'),(23,2,7,96,'Nulla dolores et enim sunt quasi.','1998-09-06 19:15:32'),(24,63,10,190,'Dicta voluptas quam qui maiores eaque.','1988-10-21 04:14:35'),(25,30,5,186,'Ut beatae officiis consequatur quia ut.','0000-00-00 00:00:00'),(26,99,4,169,'Sunt exercitationem unde voluptates et.','2014-03-27 11:47:24'),(27,157,9,105,'Laborum debitis error dignissimos quis.','1974-07-09 07:16:25'),(28,190,2,190,'Fugit eum minus libero nulla accusamus.','2009-08-14 14:04:05'),(29,146,5,13,'Eligendi voluptates rerum nam beatae ad.','2016-06-13 08:30:53'),(30,120,7,177,'Repellendus deleniti aspernatur modi totam eos eaque sit non.','1974-01-14 23:12:24'),(31,68,1,4,'Eos fugit vel voluptatem magni velit enim.','0000-00-00 00:00:00'),(32,157,7,137,'Molestiae ipsum cupiditate aliquid quo.','0000-00-00 00:00:00'),(33,51,7,59,'Harum harum saepe sunt et a eos.','2000-09-26 09:59:47'),(34,146,10,48,'Dolorem est dolorem unde aut debitis et quaerat.','1980-01-28 17:10:22'),(35,136,2,129,'Velit iste laboriosam assumenda sit et.','1976-02-18 03:50:27'),(36,121,7,199,'Et ipsa et aut consequatur quia.','0000-00-00 00:00:00'),(37,90,5,175,'Blanditiis est omnis rerum ullam necessitatibus ipsam.','0000-00-00 00:00:00'),(38,194,4,195,'Qui sint quo illo voluptatem necessitatibus.','2018-04-26 03:58:09'),(39,184,1,82,'Quo eligendi molestiae consequatur quibusdam tempora assumenda numquam et.','0000-00-00 00:00:00'),(40,197,7,3,'Ut enim corporis accusamus.','0000-00-00 00:00:00'),(41,173,1,13,'Tenetur officia voluptatem error neque est cupiditate iure.','0000-00-00 00:00:00'),(42,177,8,147,'Magni nesciunt at perferendis sapiente et consequatur.','2002-03-14 16:14:32'),(43,113,1,83,'Consectetur rerum et quo consectetur et repellendus.','0000-00-00 00:00:00'),(44,171,8,81,'Quisquam eius voluptatibus enim maxime.','0000-00-00 00:00:00'),(45,18,5,108,'Hic optio necessitatibus velit omnis voluptates natus voluptas dicta.','2005-08-29 20:22:48'),(46,146,1,34,'Sit soluta et enim et.','2001-04-20 09:13:21'),(47,145,5,116,'Quo soluta et facere totam incidunt.','0000-00-00 00:00:00'),(48,119,5,188,'Laudantium libero nobis enim porro.','0000-00-00 00:00:00'),(49,114,4,4,'Et dicta aut facere quo facere.','0000-00-00 00:00:00'),(50,195,4,140,'Eos officiis ad id assumenda velit quo.','0000-00-00 00:00:00'),(51,198,3,143,'Et incidunt natus voluptatem a qui qui.','0000-00-00 00:00:00'),(52,11,2,102,'Explicabo occaecati unde excepturi harum corporis non.','1978-06-09 21:29:08'),(53,157,7,111,'Quisquam quia et quo unde repellendus.','1972-06-03 07:28:20'),(54,39,6,66,'Eaque inventore explicabo accusamus molestiae placeat in.','0000-00-00 00:00:00'),(55,120,7,156,'Sed velit earum id aut iusto ipsam et.','1978-09-19 00:58:43'),(56,28,4,167,'Beatae facere sequi et voluptatem labore exercitationem officia odit.','0000-00-00 00:00:00'),(57,62,1,66,'Est voluptatem cum occaecati tenetur doloremque.','0000-00-00 00:00:00'),(58,178,7,160,'Quibusdam tenetur alias quidem quia ut aut.','1981-02-12 02:57:31'),(59,165,3,37,'Ullam provident et nihil totam molestiae non.','0000-00-00 00:00:00'),(60,169,3,110,'At occaecati deserunt soluta culpa non debitis.','0000-00-00 00:00:00'),(61,108,2,157,'Aut dolore beatae ducimus provident non explicabo.','0000-00-00 00:00:00'),(62,50,3,180,'Nisi cupiditate laboriosam neque impedit non.','2009-10-15 02:49:33'),(63,152,1,115,'Voluptate animi non odit voluptas voluptates.','2015-04-27 21:39:33'),(64,63,3,21,'Quasi repellendus pariatur repellat necessitatibus quis.','0000-00-00 00:00:00'),(65,128,9,144,'Ducimus dolorem odio assumenda excepturi.','1972-01-18 20:52:38'),(66,84,10,13,'Qui quas nesciunt rerum possimus perferendis.','0000-00-00 00:00:00'),(67,50,3,27,'Tempora velit est laudantium dolorum reiciendis veritatis.','0000-00-00 00:00:00'),(68,116,2,160,'Commodi assumenda dolorem quam aut.','0000-00-00 00:00:00'),(69,75,10,7,'Omnis sunt deleniti eaque ut.','1992-12-22 12:12:10'),(70,111,9,49,'Dolor quisquam expedita quia eos iusto sunt magnam.','0000-00-00 00:00:00'),(71,21,4,88,'Quo est et et modi laboriosam est.','1979-07-12 05:36:21'),(72,178,7,138,'Officia culpa assumenda sequi rerum commodi.','1970-04-10 23:02:59'),(73,157,4,145,'Explicabo in aut hic qui.','2016-08-27 17:23:50'),(74,71,7,190,'Corrupti sed quo animi eveniet.','2006-06-26 04:14:27'),(75,91,4,155,'Illo doloribus sed quis illo ut ut accusamus voluptatem.','0000-00-00 00:00:00'),(76,35,8,148,'Eius perspiciatis nam voluptates animi aut quod neque.','1978-10-16 15:36:57'),(77,48,10,1,'Molestiae ut ipsum est.','2013-06-04 17:50:12'),(78,74,6,31,'Ut cum placeat voluptate aliquid ut et sed.','1994-04-27 07:31:46'),(79,34,10,26,'Et et dicta ut architecto dolorum provident itaque.','0000-00-00 00:00:00'),(80,40,5,189,'Corrupti minima sit dolores eius voluptatem dolorum eligendi ea.','2002-09-18 14:14:48'),(81,88,6,59,'Autem earum ea autem et eum.','0000-00-00 00:00:00'),(82,176,5,180,'Dignissimos fuga rerum eos voluptatem.','0000-00-00 00:00:00'),(83,114,3,51,'Esse tenetur aspernatur quia corrupti fuga fuga.','0000-00-00 00:00:00'),(84,58,7,185,'Ex impedit voluptas deserunt sed provident suscipit excepturi.','0000-00-00 00:00:00'),(85,48,1,47,'Eius doloribus ad repellendus.','2019-12-15 15:59:13'),(86,2,3,192,'Pariatur assumenda omnis atque aliquam dolores dolor voluptatem beatae.','1992-09-29 01:12:41'),(87,150,5,187,'Sint porro ex ut placeat corporis.','2004-02-27 12:06:30'),(88,150,9,98,'Culpa architecto iste inventore quo laboriosam amet in.','1972-06-21 19:23:48'),(89,181,10,83,'Qui est cum unde illo debitis earum non.','1996-10-25 06:10:57'),(90,7,2,179,'Commodi occaecati repellendus mollitia esse pariatur ipsam.','0000-00-00 00:00:00'),(91,195,7,96,'Ea est nihil quas suscipit.','1990-08-15 12:05:28'),(92,54,6,190,'Id eveniet voluptatem quis perspiciatis officiis.','1999-03-04 00:36:36'),(93,33,1,39,'Facere sit et deleniti quia ad.','0000-00-00 00:00:00'),(94,84,4,160,'Et consequatur incidunt rerum consequatur numquam non voluptatem veritatis.','1970-10-28 09:37:35'),(95,69,7,171,'Sint sunt sed est aut corrupti.','1982-04-24 08:51:06'),(96,115,7,16,'Beatae laborum molestiae qui et veritatis sed.','0000-00-00 00:00:00'),(97,107,4,109,'Minima consectetur quidem sunt vel rerum.','0000-00-00 00:00:00'),(98,94,2,75,'Esse quasi debitis facilis recusandae totam placeat possimus.','1982-06-04 05:30:23'),(99,191,1,75,'Omnis sed porro ad officiis.','0000-00-00 00:00:00'),(100,74,1,114,'Maiores et mollitia eius hic laudantium quibusdam.','0000-00-00 00:00:00'),(101,53,1,42,'Ea sit aut rerum beatae.','2000-11-16 06:14:24'),(102,148,3,145,'Et veniam non quas nisi nesciunt.','0000-00-00 00:00:00'),(103,137,5,161,'Perspiciatis dolores est laborum ut.','0000-00-00 00:00:00'),(104,176,9,34,'Nulla est quaerat maxime vitae et soluta tempore.','1974-04-23 12:49:59'),(105,135,2,154,'Modi possimus consequatur in et non perferendis non.','1999-11-10 07:45:48'),(106,106,8,77,'Est aspernatur voluptas ut nihil.','2003-06-01 05:33:47'),(107,122,4,148,'Aut rerum voluptatem tempore non est.','2005-07-22 08:55:25'),(108,30,8,169,'Animi odit explicabo autem aspernatur dolorem.','1983-12-29 01:33:07'),(109,105,8,170,'Impedit non ipsa delectus ex quas.','0000-00-00 00:00:00'),(110,179,1,178,'Corporis et blanditiis sed aut.','2000-03-03 19:33:42'),(111,92,4,179,'Et nesciunt qui quis enim reiciendis laboriosam quasi.','2012-06-29 06:32:29'),(112,134,1,35,'Repellat ullam ut qui recusandae ex non.','2008-07-25 10:34:01'),(113,78,8,122,'Vel reiciendis dolorem quia autem.','1975-09-21 03:38:23'),(114,38,7,93,'Itaque non velit consequatur voluptatem consequatur labore aut.','0000-00-00 00:00:00'),(115,72,4,132,'Magni quaerat id esse et aliquid.','0000-00-00 00:00:00'),(116,26,9,86,'Provident dolorem ut possimus ab ipsam.','0000-00-00 00:00:00'),(117,102,5,146,'Voluptas et alias quasi et.','0000-00-00 00:00:00'),(118,50,7,100,'Dolor sunt in voluptate et.','1976-11-16 16:50:18'),(119,18,2,44,'Exercitationem repudiandae ducimus veritatis ex mollitia et.','1981-10-13 21:09:24'),(120,188,1,62,'Adipisci saepe sint aut.','0000-00-00 00:00:00'),(121,165,5,133,'Exercitationem eaque debitis quibusdam odit magni suscipit omnis.','2009-10-19 04:17:04'),(122,144,2,150,'Dolor dolore sint delectus.','0000-00-00 00:00:00'),(123,178,6,105,'Quisquam sed ut quasi nihil.','2010-03-07 01:07:15'),(124,100,8,35,'Iure numquam et error est commodi.','1987-02-22 15:27:38'),(125,192,1,100,'Quaerat sequi vitae qui porro.','2014-12-02 19:21:32'),(126,124,3,70,'Quam facere modi voluptatem ex.','0000-00-00 00:00:00'),(127,10,8,162,'Magnam maiores in voluptatem corrupti.','2008-05-12 16:18:16'),(128,155,10,83,'Consequatur quo voluptatem laborum veniam ea.','0000-00-00 00:00:00'),(129,54,1,108,'Qui sed dolor modi.','1977-10-07 21:35:08'),(130,98,10,112,'Voluptas natus debitis iusto mollitia tempora.','1992-03-11 16:49:35'),(131,160,8,8,'Qui ut ullam culpa distinctio non maiores sit.','0000-00-00 00:00:00'),(132,92,6,36,'Placeat repellendus molestiae illum porro tempore est.','0000-00-00 00:00:00'),(133,42,5,143,'Architecto doloremque tempora quas laudantium quia commodi dolorum ut.','0000-00-00 00:00:00'),(134,146,9,87,'Est officia eveniet et.','0000-00-00 00:00:00'),(135,180,9,102,'Ut velit veritatis reiciendis numquam.','1999-07-09 14:46:36'),(136,79,5,143,'Beatae eos nesciunt nemo deleniti.','0000-00-00 00:00:00'),(137,149,6,85,'Accusamus magnam dignissimos eaque est eos eos.','0000-00-00 00:00:00'),(138,110,3,76,'Quia molestiae reiciendis corporis non.','0000-00-00 00:00:00'),(139,192,6,85,'Labore dicta nostrum rerum fuga.','2001-04-20 07:48:59'),(140,100,1,81,'Nihil voluptatibus deleniti ab molestias excepturi.','0000-00-00 00:00:00'),(141,11,9,41,'Sint eaque et minima ullam fugit error.','1979-08-22 21:47:03'),(142,18,4,144,'Voluptas qui totam ex in nemo aliquid illo.','2002-03-19 12:43:00'),(143,54,6,24,'Maxime totam quisquam reprehenderit et.','0000-00-00 00:00:00'),(144,196,3,3,'Explicabo exercitationem dolores odit dignissimos veritatis incidunt.','0000-00-00 00:00:00'),(145,82,2,175,'Corporis ea et non numquam id ea.','2012-04-17 03:38:10'),(146,184,6,70,'Dolorem qui et sed quibusdam nemo.','2017-09-17 13:26:54'),(147,126,3,175,'Et quam autem velit molestiae debitis hic sit.','2018-07-29 20:23:34'),(148,10,9,34,'Et ut eligendi rerum sunt.','0000-00-00 00:00:00'),(149,86,8,146,'Deserunt nisi voluptatem vel omnis veniam voluptas.','1975-07-13 17:03:20'),(150,170,3,157,'Totam numquam dignissimos rem minus magni.','0000-00-00 00:00:00'),(151,50,4,126,'Et temporibus corrupti iste quasi voluptas magni dolor est.','1988-11-24 17:54:35'),(152,90,5,187,'Nulla consequuntur inventore neque autem aut.','1990-09-09 05:49:39'),(153,33,7,89,'Veritatis molestias nostrum aut vitae est.','0000-00-00 00:00:00'),(154,56,7,136,'Provident excepturi tenetur voluptatibus.','0000-00-00 00:00:00'),(155,59,1,163,'Autem dolorem quidem et magni exercitationem.','1976-09-30 12:44:40'),(156,34,10,69,'Qui ipsum nulla rerum error non et.','2003-05-15 21:27:20'),(157,103,7,123,'Maxime saepe at sit qui.','2013-12-04 00:16:16'),(158,77,7,86,'Omnis eum totam numquam esse exercitationem.','1989-08-05 02:19:29'),(159,110,1,41,'Saepe officia velit sit placeat minima quidem.','1978-02-14 07:02:48'),(160,56,10,95,'Perspiciatis asperiores quisquam officiis quam nostrum.','1991-05-22 17:09:41'),(161,12,2,161,'Dolorum libero molestias minima deserunt totam ut.','2018-03-08 09:05:36'),(162,138,7,44,'Facere reiciendis autem doloribus esse expedita dolorem.','0000-00-00 00:00:00'),(163,124,8,181,'Ea illum et maxime velit praesentium dolor.','2002-05-23 19:02:43'),(164,12,1,113,'Quasi sit et quo sint sit tempore et.','0000-00-00 00:00:00'),(165,148,4,128,'Rerum eveniet similique dolores ex cum necessitatibus blanditiis.','0000-00-00 00:00:00'),(166,111,6,125,'Dolores eum magni modi libero dolorum laborum nesciunt quod.','2016-03-24 10:08:51'),(167,180,1,48,'Officia quia et nihil quae.','1974-12-31 04:00:37'),(168,102,5,180,'Velit delectus ex autem eaque.','1973-06-17 12:44:32'),(169,188,10,197,'Pariatur adipisci fugit neque animi.','0000-00-00 00:00:00'),(170,28,3,184,'Unde odit totam corrupti aliquid.','2004-10-09 02:53:55'),(171,123,4,21,'Facilis hic numquam similique.','2017-12-25 20:06:59'),(172,83,1,147,'Et ipsum dolore est quibusdam.','1975-02-25 09:41:42'),(173,127,7,105,'Cupiditate rerum quia nihil et molestias sed.','0000-00-00 00:00:00'),(174,107,7,120,'Corporis ea nihil ut sint.','2004-08-04 19:14:25'),(175,19,5,194,'Quo amet voluptas ea ea dolore sint debitis.','0000-00-00 00:00:00'),(176,146,10,101,'Itaque aliquam quasi labore blanditiis sint aliquid.','1998-11-16 21:34:36'),(177,71,9,111,'Ut voluptatibus nihil officia aut quod explicabo non.','0000-00-00 00:00:00'),(178,118,4,197,'Et et adipisci omnis dolores assumenda eligendi.','0000-00-00 00:00:00'),(179,97,4,194,'Est odio iste asperiores enim sit et qui.','1983-11-21 15:27:14'),(180,94,5,47,'Molestiae fuga ea qui enim.','1989-11-04 22:18:14'),(181,78,1,111,'Illum nostrum ut occaecati cumque illum sint quia.','2004-03-25 02:20:07'),(182,98,5,113,'Et totam enim non itaque.','2008-11-30 09:56:14'),(183,44,2,38,'Odio corrupti necessitatibus laboriosam eos blanditiis et consectetur.','0000-00-00 00:00:00'),(184,149,7,175,'Mollitia soluta accusamus animi non.','0000-00-00 00:00:00'),(185,69,8,60,'Voluptatibus adipisci odit ea a tempore.','2015-05-22 20:16:47'),(186,62,5,56,'Quia sapiente ab sapiente.','0000-00-00 00:00:00'),(187,162,9,30,'Quia cumque deserunt voluptate et.','0000-00-00 00:00:00'),(188,73,5,106,'Magnam consequatur dolor ex ut voluptatibus rerum laborum.','2012-04-07 15:17:39'),(189,69,9,169,'Nemo eaque quaerat aperiam eius optio quae voluptatibus.','0000-00-00 00:00:00'),(190,63,4,60,'Accusantium laboriosam nisi dolores et repudiandae est quis.','0000-00-00 00:00:00'),(191,109,8,73,'Et omnis fuga nisi architecto laboriosam velit.','0000-00-00 00:00:00'),(192,20,3,169,'Perspiciatis tempora iste et quos tempore ut sequi.','2005-12-21 23:04:00'),(193,132,5,191,'Enim et nesciunt quasi maiores repellat ipsum.','2018-11-15 23:16:17'),(194,169,2,120,'Quia est quae rerum nulla veritatis et.','1975-03-30 16:27:59'),(195,144,6,67,'Harum at rerum libero omnis quis sit.','0000-00-00 00:00:00'),(196,4,9,160,'Perferendis quia qui quo doloremque numquam.','0000-00-00 00:00:00'),(197,59,7,123,'Recusandae repellat quis qui officiis voluptatem dicta dolorem veritatis.','1979-10-10 21:34:47'),(198,89,1,4,'Eos illum quisquam rerum iusto eos at maiores.','2017-01-25 08:41:26'),(199,195,4,182,'Qui sit reprehenderit totam et ducimus aliquam.','1977-01-02 11:30:54'),(200,163,7,54,'Iste aut eum occaecati omnis.','0000-00-00 00:00:00');
/*!40000 ALTER TABLE `posts` ENABLE KEYS */;
UNLOCK TABLES;

--
-- Table structure for table `profiles`
--

DROP TABLE IF EXISTS `profiles`;
/*!40101 SET @saved_cs_client     = @@character_set_client */;
/*!50503 SET character_set_client = utf8mb4 */;
CREATE TABLE `profiles` (
  `users_id` int unsigned NOT NULL,
  `gender` enum('f','m','x') NOT NULL,
  `birthday` date NOT NULL,
  `adress` varchar(245) DEFAULT NULL,
  `created_at` datetime NOT NULL DEFAULT CURRENT_TIMESTAMP,
  PRIMARY KEY (`users_id`),
  KEY `fk_profiles_users_idx` (`users_id`),
  CONSTRAINT `fk_profiles_users` FOREIGN KEY (`users_id`) REFERENCES `users` (`id`)
) ENGINE=InnoDB DEFAULT CHARSET=utf8mb4 COLLATE=utf8mb4_0900_ai_ci COMMENT='профили пользователей';
/*!40101 SET character_set_client = @saved_cs_client */;

--
-- Dumping data for table `profiles`
--

LOCK TABLES `profiles` WRITE;
/*!40000 ALTER TABLE `profiles` DISABLE KEYS */;
INSERT INTO `profiles` VALUES (1,'m','1970-10-19','317 Javonte Falls Suite 086\nSipestown, SD 73505','1985-12-11 04:37:39'),(2,'m','2015-09-14','889 Joana Heights\nJerdemouth, LA 99392-5799','2003-12-18 09:05:47'),(3,'f','2001-02-07','1183 Marks Center\nHavenmouth, AZ 18946','2013-01-24 08:22:13'),(4,'f','1975-09-11','59362 Emard Trace\nAbigailbury, FL 11525-5578','1973-11-24 23:31:29'),(5,'f','1996-05-11','08757 Alysha Burgs\nSouth Electa, AL 70317-5421','1978-08-17 17:20:06'),(6,'m','1988-10-04','7540 Farrell Overpass Apt. 538\nDanielburgh, IL 91286-9409','2006-11-14 04:59:09'),(7,'f','1987-10-23','1520 Lynch Lodge Suite 352\nLake Quentinshire, UT 06589','1974-05-28 15:11:59'),(8,'f','1997-11-05','4687 Altenwerth Centers\nNew Geovanny, VT 52700-9879','1979-11-09 07:56:19'),(9,'m','2007-04-04','253 Domingo Glens Suite 166\nLake Jackyport, MO 29032','1988-03-06 23:32:43'),(10,'f','2009-05-03','6484 Liam Ranch\nSouth Emersonborough, GA 50182-9653','1978-02-10 03:26:43'),(11,'m','1970-06-03','09631 Delta Well\nAndresside, WY 83930-4952','1981-05-24 15:37:37'),(12,'f','2013-01-23','73634 Jarrett Fields Suite 430\nEast Jamil, ND 68582','2012-04-21 19:20:06'),(13,'m','2014-01-23','5332 Gaetano Ramp Suite 674\nBaileychester, IN 88317','2010-01-14 09:00:05'),(14,'f','1982-08-08','632 Demond Gateway Apt. 882\nWest Genestad, MO 46226-0374','1978-04-08 18:34:01'),(15,'m','2019-12-23','1008 Tito Fords Suite 346\nNorth Monserratchester, AK 20171-2621','1973-06-04 14:56:28'),(16,'m','1977-01-19','794 Ondricka Walks\nKemmerhaven, CO 43592','2011-11-20 17:00:37'),(17,'m','2011-05-19','25365 Watsica Drive\nPort Melyna, WI 24680-3370','2008-05-03 14:08:19'),(18,'f','1984-04-23','8257 Graciela Inlet Apt. 994\nSouth Raleigh, MT 17215-6259','1983-03-13 06:37:46'),(19,'f','1991-10-10','1727 Freeda Ridges\nNorth Tristian, MI 08584-0624','1973-11-18 20:33:26'),(20,'f','1982-07-29','68854 Eryn Rapids\nTrevionstad, CO 74594-4727','1983-02-22 05:01:41'),(21,'f','1993-02-08','0422 Kenya Burg Apt. 412\nLulumouth, CT 53941-1740','1977-07-21 07:27:39'),(22,'m','1973-08-14','04197 Toy Glen\nTiannabury, VA 18024-7091','2018-08-29 04:40:15'),(23,'f','2004-05-19','061 Koelpin Heights Apt. 707\nNew Shad, AZ 78427-5783','2020-01-06 12:00:04'),(24,'m','1997-12-23','65851 Bud Ford\nZulaufberg, SC 00118','1981-03-08 12:57:07'),(25,'m','1999-11-26','11446 Senger Manor Suite 091\nWest Koby, NY 45183-0616','2010-04-11 20:30:20'),(26,'f','1996-02-08','429 Beer Isle\nMinaburgh, ID 58232-4788','2008-12-25 09:29:14'),(27,'f','1985-01-12','09924 Kling Estates\nNorth Juddberg, PA 40079-8169','2020-01-09 14:52:51'),(28,'m','1983-04-13','367 Quinn Junctions Suite 218\nAmayaview, DE 73645','1997-09-16 11:38:23'),(29,'m','2004-11-24','8202 Macejkovic Plaza\nFrankieside, VT 12041-2087','1999-04-12 07:43:32'),(30,'f','1985-09-04','276 Cristal Valley Suite 300\nMorarhaven, HI 43232-9361','2016-11-22 09:42:22'),(31,'f','2001-06-03','581 Belle Skyway\nGerlachside, NM 68185','1996-09-03 02:03:55'),(32,'f','2009-05-18','38912 Verna Parks\nSouth Stephenside, WI 48852','1991-12-10 07:40:47'),(33,'m','1976-10-04','310 Luettgen Station Suite 426\nShanahanhaven, OR 52779','1981-03-17 00:52:11'),(34,'m','1995-02-04','50895 Maddison Underpass Suite 982\nTarynland, CT 47062','1999-05-04 11:21:51'),(35,'m','1991-09-13','142 Dillan Lane Suite 042\nCyrilhaven, IA 31778','2001-10-13 14:04:55'),(36,'f','2011-10-06','78901 Grant Summit Suite 285\nSouth Jermey, CA 21003-7880','1981-04-09 09:30:18'),(37,'m','1980-07-13','976 Leannon Harbor\nDanteville, KY 21419','2016-03-27 08:35:22'),(38,'m','1977-04-04','997 Champlin Springs Apt. 745\nEast Codyville, VT 95838-2149','1988-10-27 18:17:35'),(39,'m','1997-10-25','4447 Myrtle Hollow\nCummerataberg, WY 66182-7158','2012-12-12 02:40:21'),(40,'m','2011-06-27','41809 Orie Orchard\nLake Nelleview, NJ 95620-0043','2014-08-18 08:09:08'),(41,'m','1981-10-17','26868 Eleazar Burgs\nFayport, KS 03039-6238','1999-05-13 17:29:28'),(42,'f','1983-06-17','467 King Gateway\nEast Kameron, DE 22062-9583','1976-10-05 08:01:49'),(43,'f','2002-05-17','0733 Juston Keys\nThomasside, SD 19353-0673','1990-01-29 20:35:46'),(44,'m','2015-01-10','393 Langworth Vista\nPort Roy, NY 41833-5799','2007-08-25 17:38:01'),(45,'m','2012-01-19','36119 Caleb Knoll Suite 372\nJuvenalfort, AK 46420','1979-08-22 22:51:47'),(46,'f','1994-08-21','9689 Hal Landing\nEast Bridgette, AK 84993-8424','1979-09-18 23:54:22'),(47,'m','2002-03-02','049 Sawayn Inlet\nNew Beatrice, NH 12005-4987','2011-12-01 07:21:57'),(48,'f','1970-10-18','6493 Fernando Club\nNew Terry, MD 41291-1733','1993-02-18 12:52:47'),(49,'f','1983-08-30','33325 Jarrell Brooks Suite 033\nGradyfort, FL 53155-2177','2004-03-09 17:39:41'),(50,'f','2007-11-28','503 Curt Burg Suite 164\nAllenburgh, MO 41257-7086','1985-03-06 00:59:45'),(51,'f','1999-10-12','3639 Lucienne Glens\nCartwrightchester, WI 45536','1978-10-18 12:45:53'),(52,'f','1996-12-18','22524 Abbott Meadow\nPatiencechester, MO 44415','2015-03-16 15:07:22'),(53,'f','1980-03-31','656 Fae Burg\nNorth Herminia, NE 61950-6220','1975-01-04 04:35:58'),(54,'f','1999-04-18','7100 Ansley Orchard Apt. 174\nPort Tryciashire, OR 71556','1983-02-23 07:48:58'),(55,'f','1973-05-30','6126 Parker Walks\nDuBuquemouth, DE 62286','1983-04-10 11:13:05'),(56,'f','1972-09-09','892 Elwin Junctions\nPort Kenton, AK 30159-2457','1980-10-08 17:03:18'),(57,'m','2005-05-28','526 Kub Wells\nNew Keeleyview, FL 84382','2020-01-13 13:14:57'),(58,'m','1983-10-01','464 Koepp Centers Suite 345\nThelmaberg, AZ 04838','2015-07-06 19:00:58'),(59,'f','1987-07-16','20509 Daniela Mews Apt. 487\nCiaraview, NM 45718-5339','1980-08-02 09:32:54'),(60,'f','2010-03-07','4701 Durgan Ports Apt. 899\nWest Tre, UT 07872','1976-03-13 06:46:45'),(61,'f','2017-04-29','67037 Skiles River\nJenkinsport, VA 63990','1978-06-30 16:51:49'),(62,'f','2013-10-24','4602 Mayer Viaduct\nWest Kaceybury, FL 03728-1321','2009-06-13 09:09:18'),(63,'m','1972-08-25','7930 Runolfsdottir Union Apt. 119\nPaolohaven, NH 94960-4303','1972-07-23 00:31:40'),(64,'f','2009-03-09','2047 Dorothea Trail Suite 327\nWest Tyreeside, LA 75202','1971-11-26 11:18:40'),(65,'f','2008-12-29','6268 Dianna Causeway Apt. 467\nAuertown, MO 43054-7204','1978-01-02 04:28:10'),(66,'m','1986-02-07','7698 Miller Creek Apt. 715\nPort Providenci, OH 31781','1983-01-27 01:34:46'),(67,'m','2008-01-24','32985 Pollich Throughway Suite 270\nLake Luciano, WI 14755-3447','2001-12-30 23:06:27'),(68,'f','2000-06-18','7976 Bartell Camp\nWest Sabrina, MA 14257','2015-07-22 22:59:28'),(69,'m','1977-01-08','83341 Alene Port Apt. 564\nEast Troyfort, MO 40425','2009-07-15 23:56:02'),(70,'f','2003-02-03','376 Prosacco Ridge\nCristhaven, AK 06811','2018-09-21 00:43:00'),(71,'m','1992-03-11','25581 Claudia Tunnel Suite 788\nFavianside, WA 95644','2004-03-12 02:05:40'),(72,'m','2018-01-12','1915 Hoeger Terrace\nSouth Ellisside, NV 71397','1986-05-29 10:24:36'),(73,'m','1977-12-11','40408 Ledner Roads\nFerryport, GA 04985','2009-05-02 00:43:43'),(74,'f','2007-09-07','59262 Marcel Ridges Suite 461\nNew Jayme, RI 89069','2005-07-13 22:44:45'),(75,'f','1970-10-08','289 O\'Conner Loop\nPort Emmieport, TX 03050-9011','1972-08-17 17:04:51'),(76,'f','1994-05-23','97198 Wehner Road\nManteborough, RI 69669-0479','1995-05-18 07:13:31'),(77,'m','2019-02-23','38950 Feeney Fort\nJovanitown, IN 73704','2017-01-26 06:41:24'),(78,'m','2005-03-05','22914 Daren Harbors\nAngelineside, ME 19570','2001-05-19 23:25:15'),(79,'f','1978-04-04','84971 Rowan Stravenue Apt. 847\nElvashire, MA 18099-3210','2010-01-29 07:25:29'),(80,'f','2006-10-16','4398 Talon Springs Apt. 337\nLarsonmouth, WV 83696','1997-01-13 09:45:40'),(81,'m','1970-05-02','925 Joel Brook\nSatterfieldton, NC 37118-3738','1998-05-13 07:04:25'),(82,'m','1984-04-13','99786 Kariane Ways Suite 668\nSchroederchester, IL 32338-6919','1977-12-06 10:11:30'),(83,'m','1982-09-15','312 Mason Drive\nKaribury, SC 57663','1972-09-10 15:49:20'),(84,'m','1972-09-01','639 Kreiger Parkways\nBuckville, CA 81633-4332','1993-04-08 01:01:38'),(85,'f','1987-05-07','097 Rossie Roads Apt. 833\nLulufort, ME 16849-8053','1985-04-09 09:51:53'),(86,'m','2014-08-05','891 Alba Haven\nParisianview, HI 00344','1998-03-03 13:07:01'),(87,'m','2007-07-19','012 Lelah Plaza Suite 151\nLittelland, MD 36161','1987-06-26 23:13:29'),(88,'f','1978-03-17','708 Isobel Prairie\nOniemouth, WI 92318-4393','1988-04-18 17:49:43'),(89,'m','1993-07-23','289 Daniel Ramp Apt. 267\nSouth Percivalfort, DC 58424-9896','1975-05-17 17:53:53'),(90,'f','2018-09-14','790 Heaney Square Apt. 983\nWest Carleton, AZ 80523-3079','1981-09-26 22:27:13'),(91,'m','2020-04-23','128 Rau Flats Apt. 847\nNorth Estellmouth, NV 16078-8309','1989-04-24 21:31:39'),(92,'m','1987-11-15','269 Willms Cove Apt. 042\nBeierfurt, AR 65149-2488','1999-06-25 19:24:22'),(93,'m','1979-08-07','807 Karina Plain\nYosttown, MO 89168','2014-02-13 13:05:19'),(94,'m','2011-03-07','7977 Astrid Forks Suite 773\nVolkmanbury, AR 81767-4647','1999-01-16 09:49:19'),(95,'m','1991-02-25','160 Renner Skyway Suite 242\nKristinstad, CA 42409-8355','2001-02-13 09:58:25'),(96,'f','2015-08-28','80644 Reinhold Mountain Apt. 925\nPort Donfort, AL 27250-3279','2009-02-01 05:34:42'),(97,'f','2011-03-08','4238 Jeanette Union Suite 221\nStrackechester, UT 18548','2013-09-04 09:11:12'),(98,'m','1972-10-04','816 Ruecker Island\nMyrnatown, MT 81925-5626','2003-12-17 11:26:32'),(99,'m','2020-08-05','12361 Misael Freeway\nWest Jazlynbury, PA 32581','1999-10-16 22:53:23'),(100,'f','2010-02-19','22261 Krajcik Haven Apt. 491\nNew Clementine, ME 72021-2326','1991-11-16 19:25:49'),(101,'m','1978-04-04','89952 Elnora Court Apt. 724\nPort Wilhelmmouth, IL 66020','1979-01-21 11:33:55'),(102,'f','1982-10-21','9254 Aracely Glens\nNew Wellingtonhaven, MS 17220','1989-03-25 05:12:07'),(103,'f','1989-12-11','50015 Lockman Key\nNew Jackieberg, NE 77627-6786','1979-12-12 03:42:20'),(104,'f','1981-09-28','41834 Schneider Ferry Apt. 440\nNorth Deefurt, NE 25766-8467','2019-01-01 00:22:07'),(105,'m','2020-01-28','89080 Gleason Pass Apt. 238\nEast Arianna, SD 57850','1978-03-23 15:23:31'),(106,'f','1982-02-23','6420 Bruen Trafficway\nTreutelport, VA 99529','1976-10-12 10:55:27'),(107,'f','1981-11-01','39905 Jamar Turnpike\nNorth Vena, VA 29416','2012-06-18 20:26:21'),(108,'f','1973-06-28','1747 Jo Square\nWest Josiahland, MA 87059','1972-06-13 07:52:28'),(109,'f','2010-01-10','449 Bernice Springs\nNorth Wiltonhaven, NM 78082','2002-01-03 14:19:21'),(110,'f','1982-02-23','77912 Douglas Locks\nRoweborough, WV 22808','2008-04-26 23:37:19'),(111,'f','2014-08-10','9525 Torphy Turnpike Suite 244\nLake Maudiefort, IL 99042','2014-04-08 10:35:25'),(112,'m','1976-09-18','303 Heathcote Plains Apt. 677\nWest Dustin, MO 90008','2018-03-18 04:18:07'),(113,'f','2017-11-17','554 Orn Run Apt. 150\nAsafort, MN 40167','1972-11-09 00:12:27'),(114,'f','1987-08-06','72846 Kunze Circle Suite 647\nSouth Jacey, TN 95166-6014','2010-03-30 03:14:58'),(115,'f','2006-06-27','824 Javon Avenue Suite 172\nHomenickchester, AR 50536','1990-09-07 11:14:05'),(116,'f','1976-03-22','356 Hammes Track\nKochchester, WA 57786-4750','1996-04-15 16:37:01'),(117,'m','1986-08-03','526 Magnus Parkways\nNew Hiltonchester, ME 11544','1995-02-08 11:36:29'),(118,'m','1992-01-31','25048 Aufderhar Mall\nLake Daphnemouth, MS 03023','1991-10-20 07:10:01'),(119,'f','1994-08-18','05958 Florence Crescent Suite 774\nMaggiotown, NM 88384','1977-09-29 11:49:32'),(120,'f','1983-06-23','1013 Thurman Branch\nLake Prudenceborough, MT 23441','2011-06-10 23:39:21'),(121,'m','2004-01-05','5684 Schaefer Manors Apt. 503\nMacejkovicview, OR 84780-9544','1982-07-10 07:24:17'),(122,'m','1974-05-28','38736 Patricia Stream Suite 135\nSouth Foster, TN 72419-9077','1975-10-27 11:49:35'),(123,'m','1991-12-07','242 Richmond Extension\nSelenamouth, FL 79828-6410','1984-03-11 12:00:21'),(124,'f','1971-10-12','62237 Powlowski Summit\nHeidenreichport, PA 30086-4159','2014-02-10 16:18:11'),(125,'m','1979-02-25','411 Milton Knoll Apt. 670\nEast Kyleighmouth, MT 66015-5113','1976-08-23 19:19:09'),(126,'f','1973-07-26','2004 Adrienne Greens\nBlandaport, DE 92466','1985-11-25 10:03:53'),(127,'f','1990-07-26','83669 Arnoldo Plaza\nLake Cassandremouth, AR 41324-4765','2000-02-18 09:33:49'),(128,'f','2006-05-06','4075 Yost Street\nSchroederchester, IN 80896','1973-06-20 05:20:35'),(129,'f','2009-10-16','3736 Caleigh Islands Suite 129\nNorth Chelsie, AL 84287','1994-01-01 14:53:14'),(130,'f','1988-06-30','96973 Rath Causeway Suite 480\nWest Nelle, SD 15258-7398','2012-03-26 15:00:49'),(131,'m','2015-07-24','07999 Sandy Cape\nOlinborough, FL 93894','1976-04-19 12:01:08'),(132,'f','1977-11-27','878 Elvera Ford\nPort Gerardo, ND 00718-0059','2011-04-09 21:49:00'),(133,'f','2006-04-16','3422 Solon Islands\nEast Janickmouth, NE 79468-6448','1992-08-16 02:48:10'),(134,'f','2007-01-01','52561 King Junctions\nFerryside, WI 87855-0363','1978-02-18 16:46:51'),(135,'f','2007-11-02','635 Pfeffer Drives Apt. 033\nSchillerville, IL 25531-0796','2020-03-21 07:00:10'),(136,'f','2002-06-02','4422 Morar Corner\nAshtynbury, TN 85419','1990-05-15 11:01:47'),(137,'m','1977-03-13','42187 Simonis Stravenue Apt. 012\nBorerside, NH 32179-6866','1973-10-26 11:51:33'),(138,'f','2006-01-07','0751 Ferry Plaza\nNorth Aureliaside, NH 13505','2009-04-07 11:12:15'),(139,'f','1995-11-21','260 Catherine Parkways Apt. 668\nPhoebeberg, ID 59779-3403','2019-11-13 01:24:52'),(140,'f','2006-07-20','39888 Bogisich Prairie\nMartinafurt, TN 13028','1992-05-26 18:04:28'),(141,'f','1992-08-14','422 Gladyce Isle\nJadonchester, GA 41201','1984-11-22 06:14:38'),(142,'f','2009-09-23','706 Nicolas River\nNew Pascalestad, IN 59254-8605','2016-07-18 20:40:40'),(143,'f','1984-09-11','249 Alberta Extension Apt. 200\nNew Mohamedfurt, MN 10119-1645','1991-05-06 08:33:10'),(144,'f','1990-07-10','11904 Art Brook\nLake Cali, RI 37393-7275','1974-10-16 18:14:58'),(145,'f','1998-11-27','517 Layla Circles Suite 506\nLake Demetris, SD 43763-0280','2015-01-24 17:11:41'),(146,'m','1983-06-17','4356 Danielle Radial\nMafaldahaven, NJ 17463-3402','1994-11-24 17:15:47'),(147,'f','1997-04-29','6025 Rowe Extension\nLake Jodiefurt, CA 28506-9717','1991-03-18 08:50:10'),(148,'m','1990-04-21','244 Hauck Spurs\nNew Linnie, MA 43860','1981-02-14 20:28:30'),(149,'f','2009-03-27','700 Tomas Flats\nNew Gustberg, ID 61017-8598','1978-07-15 06:43:16'),(150,'f','1981-01-04','98413 Goldner Loaf\nNorth Aniyahport, AK 55558','1997-10-15 00:27:18'),(151,'m','1984-04-10','203 Gleichner Plain Suite 210\nLucindamouth, OR 07191','2002-09-20 23:23:52'),(152,'f','1988-11-12','22902 Collier Fork\nEmmettberg, MD 97836','1978-10-29 10:55:59'),(153,'m','1990-04-19','6528 Abbott Expressway Apt. 690\nWest Braxtonmouth, IL 20010-9336','1981-09-26 16:16:35'),(154,'m','2008-10-09','306 Pagac Cliff\nNorth Flossieburgh, UT 84587','2011-08-20 16:49:05'),(155,'f','1973-11-12','734 Ziemann Wells\nEast Margarette, IA 70760','2000-09-19 20:25:19'),(156,'f','2009-01-31','54403 Quitzon Forge\nSouth Allenside, AK 33307-9798','1971-09-07 23:18:56'),(157,'f','1979-05-09','787 Kuhic Locks\nShanahanmouth, MO 10243','1980-12-08 15:13:25'),(158,'m','1970-03-23','58908 Jamie Heights\nD\'Amoreland, WY 07687-5115','2006-03-23 14:47:49'),(159,'m','1990-06-12','69311 Halvorson Square Suite 440\nBerenicefurt, LA 58822-0336','2005-05-11 11:01:08'),(160,'f','1981-07-07','867 Arnulfo Mountains\nNew Lauryn, IL 94620','1978-03-11 23:57:18'),(161,'f','1974-08-22','67033 Wilkinson Throughway\nPort Rahsaanbury, HI 68333','1995-08-04 17:17:19'),(162,'m','2006-08-11','080 Kolby Row\nLake Marjory, MN 47328','1995-12-13 12:47:57'),(163,'m','1972-12-23','20344 Maurine Turnpike\nNew Aldaton, OR 90059','1985-01-03 06:59:24'),(164,'m','1987-05-12','4301 Jany Lakes\nKingville, WV 60636-0093','1994-12-27 11:27:44'),(165,'f','1999-11-24','58162 Schuppe Forges\nJaronchester, TX 20190','2012-11-15 11:44:31'),(166,'m','2014-10-20','1403 Kozey Inlet Apt. 988\nWest Alvamouth, MT 81954-9975','1982-05-28 05:26:16'),(167,'f','1998-07-26','820 Windler Course\nWuckertbury, NC 73137','1988-10-02 23:03:03'),(168,'m','2008-04-11','3118 Lebsack Way Suite 583\nFriesenton, HI 60447','1993-10-04 11:19:20'),(169,'f','1992-08-12','964 Gerhold Springs\nJudyland, MA 74913-9895','1987-03-06 17:11:21'),(170,'m','1988-11-16','3823 Madeline Hollow\nSchusterbury, FL 37249','1990-05-28 22:40:56'),(171,'m','1998-01-17','15624 Toney Flats Apt. 571\nPort Zackchester, MT 23085-4986','2003-02-19 15:09:37'),(172,'m','1983-09-03','6777 Madyson Roads Apt. 680\nRempelmouth, NY 04120-5280','1982-06-15 12:52:56'),(173,'f','1993-09-03','91085 Grant Dam Suite 749\nLake Gabriella, TN 77276-0936','1971-11-15 13:13:54'),(174,'m','1998-10-21','55310 Velva Valleys Apt. 212\nZemlakmouth, MT 44029-9061','2013-08-10 07:29:44'),(175,'m','1987-12-19','02258 Alexandro Locks\nStephanstad, HI 68506','1984-02-27 22:47:10'),(176,'m','1986-06-12','825 Desmond Crossing\nKuphalmouth, OR 17533-4904','1971-01-26 02:39:41'),(177,'f','2014-03-13','3172 Martina Squares Apt. 518\nStrackeport, VA 08992-5348','2017-12-05 11:50:14'),(178,'f','1982-07-24','507 Georgette Pines Apt. 952\nNew Zaria, LA 87735-7702','1970-09-12 23:01:10'),(179,'m','2005-10-22','092 Harley Skyway\nNorth Alexandro, OR 50802-5173','1994-09-19 13:58:38'),(180,'f','2017-03-28','641 Saul Lakes\nWest Kevonfort, CT 90208-8829','2006-11-04 01:20:25'),(181,'f','2008-03-14','883 Kuhic Knolls Suite 627\nPort Abner, AK 03299-9976','1974-05-09 06:42:56'),(182,'f','2006-11-04','9527 O\'Kon Pike Apt. 313\nPort Cesar, MS 42741','2001-09-11 13:00:02'),(183,'f','1975-08-24','3521 Jonatan Burg Suite 660\nSchmittberg, SD 69107','2012-03-23 09:51:45'),(184,'f','2015-01-25','7238 Krystina Corners Apt. 149\nGenevieveton, VT 34494','2018-03-22 07:21:08'),(185,'m','2020-05-26','5171 Vladimir Stream Suite 479\nEast Tamaraberg, TX 33448-4629','1986-11-19 13:21:05'),(186,'f','2018-03-23','5201 Golda Run\nElsebury, KY 91915-6648','1983-11-17 10:31:31'),(187,'f','1983-01-29','38966 Kemmer Union Apt. 238\nPort Jaylen, KY 79906-7075','1984-06-11 17:21:12'),(188,'m','2004-11-19','7715 Jadon Stravenue Apt. 915\nNew Chelseytown, FL 08855','1982-11-25 03:51:08'),(189,'f','1972-12-18','73962 Keven Motorway\nMartinmouth, PA 82807-0656','1977-04-23 17:11:09'),(190,'m','1981-06-13','304 Mraz Court Apt. 602\nFraneckifort, SD 31134','1996-03-15 23:08:45'),(191,'f','2001-03-16','046 Carmela Overpass\nPort Marion, FL 24976-9698','2013-11-11 13:08:13'),(192,'m','2014-03-06','3306 Wolf Parkway Suite 313\nJacobsbury, NJ 43381','2012-02-18 03:01:29'),(193,'m','1974-06-18','1427 Godfrey Underpass\nConnborough, LA 41165','2011-06-03 21:12:04'),(194,'m','1994-10-13','15536 Amina Flat\nMarianahaven, OR 15173','2004-06-14 23:49:00'),(195,'f','2017-09-10','81418 Lehner Circles Apt. 121\nNew Rosa, KS 67120','1971-08-05 11:18:51'),(196,'f','2014-09-20','6674 Cartwright Street\nBrionnahaven, PA 40512-0615','1991-03-17 15:06:23'),(197,'f','2016-03-12','147 Turner Cape\nEast Fernando, RI 10230','1979-05-14 23:11:29'),(198,'m','2002-10-05','19759 Ritchie Mountains Suite 078\nMarianeburgh, SD 00387','1982-12-05 15:33:31'),(199,'m','2002-09-20','725 Feeney Garden Suite 855\nLake Isai, VA 33167-3661','1972-11-20 16:19:30'),(200,'f','1987-01-17','9451 Gerlach Common Suite 933\nNorth Alexandromouth, PA 66968-5783','2006-08-04 09:05:59');
/*!40000 ALTER TABLE `profiles` ENABLE KEYS */;
UNLOCK TABLES;

--
-- Table structure for table `users`
--

DROP TABLE IF EXISTS `users`;
/*!40101 SET @saved_cs_client     = @@character_set_client */;
/*!50503 SET character_set_client = utf8mb4 */;
CREATE TABLE `users` (
  `id` int unsigned NOT NULL AUTO_INCREMENT,
  `firstname` varchar(145) NOT NULL,
  `lastname` varchar(145) NOT NULL,
  `email` varchar(145) NOT NULL,
  `phone` bigint unsigned NOT NULL,
  `password_hash` varchar(65) DEFAULT NULL,
  PRIMARY KEY (`id`),
  UNIQUE KEY `email_UNIQUE` (`email`),
  UNIQUE KEY `phone_UNIQUE` (`phone`)
) ENGINE=InnoDB AUTO_INCREMENT=201 DEFAULT CHARSET=utf8mb4 COLLATE=utf8mb4_0900_ai_ci COMMENT='пользователи';
/*!40101 SET character_set_client = @saved_cs_client */;

--
-- Dumping data for table `users`
--

LOCK TABLES `users` WRITE;
/*!40000 ALTER TABLE `users` DISABLE KEYS */;
INSERT INTO `users` VALUES (1,'Kole','Mertz','meaghan.grady@example.org',79106329139,'3ab39c8d07421870476047a5a02f1a6bc546bdeb'),(2,'Cade','Padberg','schroeder.elna@example.com',79032204235,'3d741e3c14d3777779a5d5ee988d621026e455c8'),(3,'Russell','Hyatt','klocko.damaris@example.com',79473210163,'92f7d2a1b65f326f58b43611c15b133744a2479d'),(4,'Jamar','Shanahan','adolphus87@example.net',79077793729,'ee7d50179213c18c648aba640b1b43970325bb20'),(5,'Belle','Mann','giovanny15@example.com',79492845147,'96e3120e9dc4134da45212374e4172fe30d978c2'),(6,'Boris','Koelpin','bins.rosemary@example.com',79304505952,'dee5b6b9189fe9b30bf819037ab52be38419dc72'),(7,'Tatum','Dicki','thompson.aimee@example.org',79651169992,'52decfda7c9caf98a37945e696e0f4c1c6d04f3a'),(8,'Serena','Beahan','harris.winifred@example.org',79420986520,'a15077f5d97a6080a6c31acb6ff9c553ea97bf9a'),(9,'Letha','Sawayn','ima.schmitt@example.net',79430411944,'c7b3e75f74ae7824e0a9c9029137e6c1d6e2a319'),(10,'Wiley','Deckow','hzemlak@example.com',79275484280,'7ebffdc389f9fb8659f08b3df5de62adb3b48046'),(11,'Brooks','Fadel','kristoffer43@example.net',79584627019,'a590ccf2195134e2589e065fd141e5da8edfd570'),(12,'Lyric','Stamm','trycia79@example.net',79251279592,'c9f555e9aa4ff1e1befc8cd50a95eab264128bbf'),(13,'Felicita','Rath','tristin.padberg@example.org',79084773349,'69f109ac5aa8bca99aa677a414ccf73e6209511e'),(14,'Lacy','McDermott','palma29@example.org',79312677534,'18fd85f34c4373bf9cd92f11a570a26b83409787'),(15,'Buck','Schroeder','wilkinson.jeffry@example.com',79200946074,'cb28d72b0fea7e472bc098bfbfaca3a4907d83a8'),(16,'Mariah','Considine','uroob@example.com',79786013026,'e623f2b562644222e2517d01aacda9f32c84ee38'),(17,'Mina','Hane','frederick07@example.net',79435355526,'7f16b4bd48135f1910cb06c176e34a9bdf33fac6'),(18,'Candido','Lesch','lparisian@example.org',79238089849,'540e10d869ef2e0097dd4baecdff4e7310504bae'),(19,'Mireya','Weimann','uvandervort@example.net',79037761507,'472bd3778ecff3dbe00f3b48e2619e61c58f0722'),(20,'Florine','Bauch','bhaley@example.com',79748815519,'7979be237e710998b866ca0042db497c054c8db8'),(21,'Otho','Jast','gleichner.lowell@example.com',79053647658,'377683c0967a67613062daebaf48c084f6f05c6c'),(22,'Kennedi','Metz','bertrand75@example.net',79636669886,'8f725beedf335e9e99e2238bd1c0529259d141e2'),(23,'Angel','Tillman','kenneth.gorczany@example.net',79327591753,'4c0a96c45334cb15f17940348984d0236d76ffcf'),(24,'Gage','Schultz','collins.dan@example.net',79322578991,'58a4fc32e575f5a9ce417dd72fdbd027205fface'),(25,'Stuart','Doyle','smurphy@example.com',79235518529,'45efd52fdaab22161edda82cdd784ebe9b039651'),(26,'Janet','Kassulke','jaren10@example.org',79292356745,'bd6fca5929ca298355759ae30e9f5fdb6648d7ea'),(27,'Magdalen','Turcotte','keebler.zelma@example.com',79887535676,'3379180c019ef2acfafc37ea2e3099f8042f2f66'),(28,'Lee','Kautzer','ocie.auer@example.org',79336226810,'2f9bad2484abc56bfb79bc2ba0b9d7b8db6bf319'),(29,'Bryana','O\'Hara','dixie20@example.net',79034760465,'a11b8aa393bdcc21c821ff86994d9333c6e82282'),(30,'Albert','Green','jeanne48@example.net',79325912489,'08cf0934b80eed934f3b9be2eb096305408cbfc5'),(31,'Shanie','Hahn','gerald95@example.net',79658587551,'72c43a32b70e2f3712c4db937fdb6a8e3d9010cd'),(32,'Tevin','Feest','jacobi.peggie@example.com',79348900422,'d9b8fd1de3f252cb6943dcb0cf17fe1f611521bc'),(33,'Kelly','Dibbert','maryjane.murazik@example.com',79749750867,'b7b65140f5380458c5f46ff2ed65442b711bb66c'),(34,'Reyes','Schmidt','lynch.alexzander@example.org',79778093534,'d516f3672a713d9e9218f41cffe3c70d7116bd0c'),(35,'Jeff','Prosacco','mariah53@example.org',79916730867,'d1f4db1e4a284caaa3b4001f6c9d0e22e8e22528'),(36,'Bennie','Hegmann','qhaley@example.net',79333350781,'ba75d8e6e9a3ad8887d780934595a8cb335cde5d'),(37,'Ada','Rath','cali27@example.net',79157431236,'10b8e6088ab24ccf3bd2dcb0aa4ff0a753871e4b'),(38,'Cleo','Kutch','aurelia75@example.org',79974210014,'2d6bd067d0c9eca7a3c21ce27a3227882c51a092'),(39,'Nils','Moore','sanford.fleta@example.com',79910406095,'ab20854006b82e76d6f0f90fa59340ed9e6bf043'),(40,'Cedrick','Koelpin','leannon.lonny@example.org',79131194068,'12729556ae20e4e2ba4d1b48fe67e12e36f48856'),(41,'Kristopher','Erdman','immanuel34@example.com',79045095458,'f82d3e14d6f83693034a506017916beaed6e658b'),(42,'Wellington','Bradtke','gustave.sanford@example.org',79844153833,'7e1c48e0bd082cb12bb412be1d2ebdea3ae2dbcc'),(43,'Jasen','Weissnat','paige71@example.com',79773511726,'c390b0fecd7a85c5abab31f2db0320e8d4cbfe46'),(44,'Hillary','Schulist','lia.morissette@example.org',79199413822,'6ac92f5f4691ecde5be57e4d5d6c842c81f21874'),(45,'Ally','Witting','jordan71@example.com',79834566895,'edbee6206c8b44088e78cd8188012475a94c3edf'),(46,'Antwan','White','ysipes@example.com',79712114156,'6a92bac319108103c192b2c3f6cb0744be0c519a'),(47,'Mellie','Gusikowski','cletus66@example.com',79064686936,'748583e8a9247f03fcedeb6aeeb3d3112ce79ecf'),(48,'Serena','Greenfelder','berge.genevieve@example.org',79432956121,'ee52adc4e545de1e7790f562575e0adb030113f6'),(49,'Floyd','Torp','guy57@example.org',79920779900,'675d312e6fa7c3a0a30ae8c089412fe4bdb80812'),(50,'Shea','Morissette','prussel@example.net',79350986499,'f546a1994a1874e98c82c6e4cdcc6462ac6a2b49'),(51,'Cydney','Rolfson','isaiah.cassin@example.org',79878316909,'35b92a9144e5205d56e090530792779c8dcddc02'),(52,'Grover','Klein','jermey.mertz@example.org',79692048069,'e0a1139e39eab32df197d513ed5d9477222e6579'),(53,'Jermaine','Gusikowski','xbashirian@example.org',79042982641,'c3c93e9378bb87f27bcea116bfd735a1fa1ae3ac'),(54,'Arturo','Bins','salvador.borer@example.org',79726695076,'39368b4512d861aca1d07aa3eae822ece5635544'),(55,'Ulises','Walker','jsenger@example.org',79856392676,'dde84cfda4e098dd153e3c43c3626f86a427c294'),(56,'Payton','Denesik','orlo.haley@example.com',79862986214,'100a96a606050a8737255eedf388efd15f6233cf'),(57,'Idella','Kerluke','delbert.waters@example.org',79100684400,'ae7af8c1ded4f11d904f2dd1436f9d9fac0151ea'),(58,'Eryn','Davis','heller.nya@example.org',79265935271,'36894e05029d664f4403d6df649e9a8c460e7387'),(59,'Queen','Doyle','schuppe.lyla@example.net',79183102505,'de3a1205de638c1a6893e053d556460317d8045d'),(60,'Kaley','Klocko','lonie.smith@example.net',79271111906,'f9ce79bfbbe31f1728fdcb29ea44601bd8ad27e2'),(61,'Fatima','Rolfson','treutel.talon@example.net',79333839100,'1187701bff4a77206fb685bd408a04f269b76179'),(62,'Janessa','Lockman','dcrona@example.net',79537307111,'1ad3d6b8b8cc0b64820274a285ce02687034b4c7'),(63,'Arnulfo','Cummings','fay.waters@example.com',79305999469,'501382f2a30b79d0e3df4d89a01462bb216c5b3e'),(64,'Lorenz','Swaniawski','wilfred80@example.org',79046194178,'7c0fb6a329e3c02e7ada1667b54b8f336d3c0c46'),(65,'Arielle','Goldner','stephany85@example.com',79428423189,'f7fb755ae912dd99d94bf501ed4a035cf044786e'),(66,'Emanuel','Friesen','aubrey77@example.org',79712712478,'ab44256b4283a53735471dab5fc99552f45ccea1'),(67,'Layne','Cartwright','astroman@example.com',79289592885,'9f62e1c984801604c4ce8f7473bd3aff6099350c'),(68,'Travis','Tillman','zbarton@example.org',79686716882,'c0a253c0f19747321729f26c7b34f2de8dce761e'),(69,'Gene','Steuber','oral64@example.com',79300128413,'ed2b62af393ffe99c76f690718c67562c4b2216d'),(70,'Prudence','Bins','kevon.kovacek@example.net',79053960404,'f228147d8ff910ba4f33a207214a2f8df7cc9d19'),(71,'Fermin','Muller','rodriguez.moshe@example.net',79198979784,'b6a4c52cf0f5132f0dda0344bea4037aaff5ca15'),(72,'Berry','Beahan','trevor90@example.com',79469021942,'fa0028f48d13bcf60500f851d709d357d9dee5c9'),(73,'Joelle','Dietrich','tad89@example.net',79038880093,'d825e6f903ad713b40d76f4d105c21a515741105'),(74,'Vanessa','Jakubowski','jcummerata@example.net',79365335980,'2255e37c4ab40d2a5f0fedd12b35c62c155b0fbe'),(75,'Brooklyn','Hartmann','grover52@example.com',79121324158,'98319435cdda6fb27d413f1c907a75718f84b109'),(76,'Mohammad','O\'Connell','runolfsdottir.freida@example.net',79238571561,'b64affa5900e7e3e16465208cbc5f9f57136d7ee'),(77,'Estella','Kihn','vlarson@example.net',79182814619,'3188ad235acbf152da550231825f061823b5b1ba'),(78,'Rebeca','Kovacek','rgraham@example.org',79848896360,'c8174527fd8a162f23381b96c69ecc5d37da90c4'),(79,'Kendra','Kassulke','broderick37@example.org',79761818141,'6ceb13487bf97746a2498d43093f6c1671e613d3'),(80,'Ellsworth','Morissette','vhowe@example.net',79232365758,'7dc09f801887d5588e8abdbd401a60a54df9ad6b'),(81,'Guillermo','VonRueden','diana.hermiston@example.org',79424334255,'657cf6f2e1c60db14d032dbcc898c0a878870685'),(82,'Fidel','Ernser','kautzer.kiara@example.org',79882844086,'efe792a26e81b3f02737622056e65d7a87b4c4c2'),(83,'Bethel','Koss','stella55@example.net',79174503671,'8760a29547d6c69b4d42545d11bcafb9433ddfa6'),(84,'Maurine','Schroeder','dietrich.vivianne@example.net',79304349967,'09b88bb64e81192c1ce110af2f62c7fa8490a025'),(85,'Audra','Wintheiser','bernier.brandt@example.com',79961331396,'b66013854914e769f49b68099094a92976b07d8e'),(86,'Dane','Haley','mark29@example.net',79132903790,'df6e06204042a0300ea3a869ba8d3c0fcf7802e6'),(87,'Lester','Rohan','vzulauf@example.org',79182746282,'127b1d0d2947b8bce659a9cf4422eace34594836'),(88,'Dax','Mayer','walter.raymundo@example.com',79478106311,'559a0ba3a3cb5b2ebfe748fb0001853fc3ed1bd5'),(89,'Damon','Walter','breanna75@example.org',79269702224,'f802fd810106db50c6f5022ab581e951790e5cc3'),(90,'Norene','Conroy','nola94@example.net',79205454154,'61c48c3ebd11255f8cfa1a0a48c43d2f4286b810'),(91,'Dale','Koch','ogislason@example.com',79353281334,'79824730e49457da62ea53156dc094ed2fed22fd'),(92,'Priscilla','Schmidt','delfina.lockman@example.com',79035430993,'775c7cd3b3ad9a2a9b7d00f2b0ac7b93aa463423'),(93,'Rico','Abbott','bernier.abigale@example.org',79840950322,'d87b108aededd0d2309e20d2d66f253e61874530'),(94,'Dagmar','Walsh','alverta.balistreri@example.net',79646665472,'afb3208f953ac348d08496d221a7439983c3e973'),(95,'Louvenia','Daniel','nrolfson@example.net',79242028842,'e4ab48c434c5a026cfed26a2558d546391bd44b6'),(96,'Keenan','Schneider','abagail21@example.com',79049013535,'3194478ff10c761c748e9dfd6268f3a40375c1f0'),(97,'Sister','Corwin','lkessler@example.com',79392570237,'c01ec35d6cd4eb1aef9730a4af94a72704878702'),(98,'Elda','Bechtelar','rutherford.mac@example.net',79039810394,'1ee6be43dbf2072bd4762bdb43a230528f4105cc'),(99,'Carter','Wehner','stracke.asa@example.org',79862665909,'52bfae4995065b4b2548bbfed2a02fcb3b32a2e2'),(100,'Maximilian','Hirthe','yhansen@example.net',79931416273,'f46c50d19b25857c349fc502963c3a1a4607be68'),(101,'Hildegard','Emmerich','dibbert.arvid@example.org',79241324531,'2bfeb39b808d7da03c70c62a7aa763e7de0cb601'),(102,'Erica','Cassin','jaydon12@example.net',79669523399,'868d51b08210de76db098946482d85d9fb3bfcad'),(103,'Myrna','Hermiston','pgraham@example.net',79593301283,'b9080cd28920ffd4d3155a7b6be8158baa012f0b'),(104,'Lonie','Leannon','vonrueden.isabella@example.org',79474447763,'1e041f2ed5c93f020bb4387f47aa48b031591d44'),(105,'April','Thiel','lucius.dare@example.net',79594875580,'cf7e46e7cc3ee36ef55f2a99d8807d1a3c5a6a62'),(106,'Yazmin','Kub','owen74@example.net',79534653461,'9d1c07c96ef999c8686ba020a753def15c2cac56'),(107,'Clotilde','Jaskolski','velva.runolfsson@example.org',79579173663,'c6227d504ca9881ad70f5725eed6bafb0f65b7c5'),(108,'Elwyn','Wisoky','kade48@example.org',79818993924,'bacdcd8cf7973f91258dfa179f5ae1b5767286dd'),(109,'Theodora','Veum','antonietta.dare@example.net',79856306029,'aa08072d00ddc84a22eb5cbeeb55b51ef8e2b9c8'),(110,'Dan','Hudson','manuela.bradtke@example.org',79462348649,'60d95c931642c8eaa95258439af6dd4c81475dbe'),(111,'Raymond','Goodwin','hruecker@example.com',79568510265,'c07dbbbe17e38fc196f8ad8f9727baa6875bc907'),(112,'Alexane','Buckridge','gferry@example.org',79669526532,'08ef66e900b6a4da4b2a5afb0a621ced7bd9ff40'),(113,'Kristopher','Gislason','mcormier@example.com',79228450662,'bf93e21edcf3ce27eec09881f3e69366659826d6'),(114,'Oscar','Mraz','ian44@example.org',79301561574,'aa9649cff6d82c1b88ea90b77f6d7396fe2cef45'),(115,'Jeramie','Wolf','royal.dietrich@example.com',79280933824,'e558a6330d02e04608e901aa480dd26c2a257d80'),(116,'Madelyn','Ebert','kmorissette@example.org',79370357338,'d916a7dca8ed2a0e29396071cd236f62947a1d9b'),(117,'Milford','Smith','gutkowski.lamar@example.com',79329570390,'91652afd8e0e6a00c9a47e7da8f1bc77651faff3'),(118,'Joana','Rippin','aryanna.schamberger@example.org',79470644644,'9b00aee2727798f0748f042e3a0ac0e84656b27b'),(119,'Amely','Boyle','leone99@example.org',79199360011,'c1e19792609ce0f0c2ffac4f5edc2b6c3a98faa5'),(120,'Hayley','Kuhic','cmurray@example.org',79585270407,'053dfcde37ca827e0486dd5e28e2d3e967838e14'),(121,'Jacquelyn','McClure','rau.shannon@example.com',79260732227,'4445260022034e3bcf84e3ec6ac6420043b8aadb'),(122,'Lura','Lubowitz','ksmith@example.org',79367962446,'e89433ce81dbae837347bb193b2447ba0c8493dd'),(123,'Alexandre','Hessel','robbie23@example.net',79832623737,'59012f77b8c7d5c3f931b993b48d23772e5a30b7'),(124,'Carolina','Ratke','larkin.adela@example.org',79268167098,'c1ac1c5b04ad5d5af59695ff397c5e54871fb192'),(125,'Celestine','Maggio','lisa.mann@example.org',79575558348,'667756746e9efdf11d916289f3476921f0266da8'),(126,'Marlen','Jenkins','reba90@example.net',79998907179,'aaec3ff683b1cce92bebde979a26828a317bf6ca'),(127,'Brannon','Leannon','ewilliamson@example.net',79030882325,'9267ad5f23a50bd9533b593a74236823cb2a2dde'),(128,'Elwyn','Dibbert','nannie.tillman@example.com',79651498110,'64f886dd6dfc0d044e277787ab67b6da218b13d0'),(129,'Lois','Cole','croob@example.net',79142815267,'d5e9e9b69278bc95d4ee6e04469a76df8e77767a'),(130,'Christelle','Lebsack','robert.runolfsdottir@example.com',79075645980,'463b015ae9cc18ca6b5a660f5b72617a8b52ce64'),(131,'Jameson','Morar','fd\'amore@example.com',79904461491,'2bb215a937b1544c40bec66666ee8417ead549d1'),(132,'Litzy','Bosco','daisy.hermann@example.com',79913760528,'b999b8075e184eba914e1cef34295f846c625e06'),(133,'Kaylah','Jacobi','brown.lester@example.org',79970953756,'5294116255a831708538a6d59e92a53407fb034b'),(134,'Deanna','Cormier','mann.marielle@example.org',79425240223,'503e6239181ff60160590e31590a6cf89b3dadc7'),(135,'Earlene','Welch','qwuckert@example.com',79261980531,'a5bf2c09dfc02b35174916e95848ab2e035f53f1'),(136,'Jeremy','Waelchi','kyle.kub@example.com',79838061229,'b558f3eeb7378b826ef8bdf2f89b9c68532c59ed'),(137,'Cordia','Kulas','imayert@example.com',79706493160,'d6f40e5ef9bb65a97c493907030b327b1fb947da'),(138,'Lilly','Lind','karlie71@example.com',79582580046,'eac58c10db4638da6b4535d7491a4a521e9e8d6f'),(139,'Frederique','McClure','vpaucek@example.com',79543803978,'29c3e4d72426d697952c376d5aa9329a93cd9aa2'),(140,'Turner','Hauck','gcrist@example.com',79773788415,'2449475848c56e864dc2dc2cf9f0743f6071347d'),(141,'Liliana','Bailey','miller.loy@example.org',79655591167,'544eed0974220e0e7cc5413256bf2b1a5d5121d6'),(142,'Clotilde','Kassulke','armstrong.loyce@example.net',79525894197,'2371c8ec71d7e993031df6a695539999fb8316a8'),(143,'Veronica','Jerde','ulices.rowe@example.com',79425194947,'771ad5da0a214786f76a0e7d0da9e169bcb42f33'),(144,'Rupert','Feeney','noel82@example.org',79017101514,'aef7f9269de08d900b9a25c875db618253607b56'),(145,'Julia','Blanda','rath.trudie@example.com',79196471534,'017fd5162388b4e1b69f52ff933a89177eee26ea'),(146,'Ashly','Swift','flarson@example.net',79793285209,'2f83b7446a1e433cae32b6b5fddce8f4e4b586e0'),(147,'Tressa','Trantow','gprice@example.com',79207614588,'fd5c344580138a34bafea42c43e6663086fbba3c'),(148,'Cecilia','Stroman','helena36@example.com',79466156801,'c07a5d482bbc07544943618beb09ecccba19d90d'),(149,'Anya','Moore','jfunk@example.net',79611013015,'5da24f49a00bca2a1a21da325e276834b3a17868'),(150,'Emmy','Champlin','ortiz.shad@example.org',79640153190,'120861e82ddcc311eded888d8400bc453bbefc4f'),(151,'Molly','Hansen','amina04@example.net',79295050885,'9d302cc4f10415ae35391b523b867a042576e0de'),(152,'Adelbert','Bernhard','muller.orpha@example.org',79845422004,'22620114c15f6e90894c4487e6ad7e69fcabfda9'),(153,'Elenora','Bechtelar','brakus.celine@example.com',79349855068,'b62b8d149083e8e199db5d7577798f2a8e7889ff'),(154,'Jacquelyn','Kovacek','quigley.werner@example.net',79083069868,'d32f427a0a12520c4059d81fc7d7ccb88d8fc168'),(155,'Laron','Rau','lionel10@example.com',79108485546,'507861b26d053c30aca009b65354000e7737c4ca'),(156,'Sylvan','Schmitt','hilll.domenick@example.org',79323441692,'11994c9cc441ddbeb7ab2a69e7d6bf0d10fc6d1d'),(157,'Cortney','McKenzie','beatty.micah@example.com',79553183206,'38c3db843d0be57e76e3b140f87fc3ba5dc12875'),(158,'Ozella','Blick','friesen.arely@example.net',79426402220,'05c9dd5e86bb44f533aac5262293c52c0d960d0f'),(159,'Markus','Gerhold','hpollich@example.net',79792033015,'9e6209cfb7e78ff5fa7d92052b8cdd03f62b77a3'),(160,'Virgie','Gutkowski','taya48@example.org',79698648912,'54e80893236b2c116c165a02deafd5fdd6a63481'),(161,'Faustino','Heidenreich','mrohan@example.net',79498879096,'b6c281e2f4c2d6e8d4f9ebc9f7b8e15f1f31931a'),(162,'Cory','Crist','liliane.o\'keefe@example.net',79055004089,'c5473e329700c083204d22b5306cbc47753102b5'),(163,'Amir','Pagac','aboyer@example.org',79691833435,'707145e0cbdc95a41018c9ab24358976fab20bb2'),(164,'Roscoe','Wintheiser','holden49@example.org',79813525922,'99966722601812978a610cc480af7db1d4c905e5'),(165,'Lempi','Mayer','cremin.nicolas@example.org',79907810983,'1430c9f4c0fe5c28ee53134aeb879879c442c4fa'),(166,'Aaron','Rogahn','feeney.lyda@example.com',79701199183,'0290f0b511f5e74bbdefacee208e5c5bfd94672c'),(167,'Jaden','Hane','jeff.jenkins@example.net',79842482979,'8edd2959313ff12de9458d4272752253b1799ad3'),(168,'Eda','Roob','marlin95@example.net',79294312943,'d01722566da9342c2907af080fd31877a6ccbbc3'),(169,'Ellis','Crona','zheller@example.org',79399943799,'8e371ee414d9c34e2bccd362614771d89ffc26a5'),(170,'Laurine','Toy','jammie.turner@example.org',79183953376,'d6ac5b4dd3ace9f8c8528209fc21c4b1c64510ad'),(171,'Corbin','Mayert','moen.al@example.net',79973093095,'07cd6cf6c609260fb314c4eb4cec1f2de5bd8817'),(172,'Leopoldo','Parker','murazik.teresa@example.net',79893831695,'9bad8c1c7a2a0382467369e5f3cf6d9543c41275'),(173,'Roscoe','Reilly','jschaden@example.com',79427999175,'47ff29f0b675dc47e4e1befa421cb44a1875560b'),(174,'Cameron','Spinka','vferry@example.net',79727245602,'210961dc3f4afdb86292b5227865019d8981649a'),(175,'Mariela','Heller','kessler.florian@example.net',79674600401,'e1751d544ee196b5cac5f245e2be7570c6ce718b'),(176,'Beth','Langosh','jframi@example.com',79986175147,'d2e9d99a7c08bca37ad917c29b66fb75312f3e3d'),(177,'Greg','Sipes','bogan.delta@example.org',79522734946,'374cf0d63858d52167bc2fdb981f961b34538b7d'),(178,'Theodore','Johns','zo\'hara@example.net',79099815614,'43ec75451cd355805a8b126855d758bc22269da7'),(179,'Shanon','Bartoletti','hschumm@example.net',79433430915,'e1de37eadc0e096e078cb2bbe24475dc3854f983'),(180,'Vinnie','Erdman','conroy.vito@example.com',79225263331,'d070f8b73deb4f8d82d3c58bcb0bb9629b3221df'),(181,'Helmer','Adams','sabina75@example.com',79911937615,'3fd6efba5a78e03a26be0de9906e7b6666fd67c4'),(182,'Michel','Yundt','leif67@example.org',79048565642,'697c5eefeef6ebb7156c50cfbd1da182966744c0'),(183,'Dax','Deckow','stanton.lang@example.net',79851428348,'4ea85ba701e9244922e407645eab8ce1f153bf81'),(184,'Vivienne','Considine','tyshawn.luettgen@example.com',79445637290,'0b50baf406cbd485a68d4d85acd4b4e289de71f0'),(185,'King','Moore','olson.danika@example.org',79087161769,'988aef8915398849227e55f32f035796bdc39770'),(186,'Loma','Schroeder','tyrique55@example.com',79023167910,'432fd91eccc7fb6df20c486739399b71cfd81103'),(187,'Lucie','Larson','hermiston.bridgette@example.com',79145080966,'b33c8b35bbe9e934440ca4b8e63e5734de580758'),(188,'Gustave','Murray','farrell.dallin@example.com',79300689311,'6b399b74c7d813d6255fb4705db87038836d931b'),(189,'Myron','Donnelly','dubuque.zion@example.org',79714988996,'929e274d36b0c21c72ad470b84c50d5b8af8ff7d'),(190,'Arch','Brakus','lesly26@example.com',79056576149,'8990c4649882eeea7d24c8fe6e05f70408c1a514'),(191,'Adrian','Zemlak','sister.howell@example.org',79411996435,'b2902c9fce2f036635692094aff592f03719f926'),(192,'Isaiah','Keeling','charley.zboncak@example.org',79585798180,'a88fb0227f6108f1c9b0d80eb773af08f28bd2f2'),(193,'Kira','Terry','barton.eliseo@example.net',79013129322,'327e9dc25b787440f31b248153f8ca5c2643e826'),(194,'Myrtice','Schimmel','naomi25@example.com',79851804190,'8f68e31550ef41b548e2fd3beb79a7c13c495d02'),(195,'Morris','Mosciski','lauriane76@example.com',79314151953,'09608b233aadecbe8248e2da1b88a76b9b935600'),(196,'Mozell','Hamill','xcruickshank@example.org',79889773614,'5135c9180255eee633584db6f6339f24a8b7cc18'),(197,'Era','Bradtke','zachery62@example.net',79997785440,'5344d6a2461b2fa505fba6e32885430c83869458'),(198,'Antonio','Howe','jgreenholt@example.net',79193518845,'41abc53adb9d28f5521876054461c4bd7db1c662'),(199,'Mark','Leffler','kmcclure@example.net',79665026235,'8fde1e17a8f94761c60c576d5ef6c9922c62d6ea'),(200,'Concepcion','Mante','harry27@example.com',79280069536,'acf1ace1ed0bf9f37bb7a0e561b61ef275fdcb3b');
/*!40000 ALTER TABLE `users` ENABLE KEYS */;
UNLOCK TABLES;

--
-- Table structure for table `users_communities`
--

DROP TABLE IF EXISTS `users_communities`;
/*!40101 SET @saved_cs_client     = @@character_set_client */;
/*!50503 SET character_set_client = utf8mb4 */;
CREATE TABLE `users_communities` (
  `communitis_id` int unsigned NOT NULL,
  `users_id` int unsigned NOT NULL,
  PRIMARY KEY (`communitis_id`,`users_id`),
  KEY `fk_users_communities_communitis1_idx` (`communitis_id`),
  KEY `fk_users_communities_users1_idx` (`users_id`),
  CONSTRAINT `fk_users_communities_communitis1` FOREIGN KEY (`communitis_id`) REFERENCES `communities` (`id`),
  CONSTRAINT `fk_users_communities_users1` FOREIGN KEY (`users_id`) REFERENCES `users` (`id`)
) ENGINE=InnoDB DEFAULT CHARSET=utf8mb4 COLLATE=utf8mb4_0900_ai_ci;
/*!40101 SET character_set_client = @saved_cs_client */;

--
-- Dumping data for table `users_communities`
--

LOCK TABLES `users_communities` WRITE;
/*!40000 ALTER TABLE `users_communities` DISABLE KEYS */;
INSERT INTO `users_communities` VALUES (1,30),(1,33),(1,39),(1,44),(1,66),(1,68),(1,79),(1,90),(1,91),(1,95),(1,104),(1,112),(1,113),(1,121),(1,123),(1,168),(1,170),(1,182),(1,192),(1,194),(1,197),(1,199),(1,200),(2,9),(2,37),(2,41),(2,57),(2,62),(2,84),(2,96),(2,102),(2,123),(2,147),(2,150),(2,155),(2,163),(2,174),(2,185),(2,187),(3,20),(3,33),(3,36),(3,45),(3,48),(3,52),(3,55),(3,57),(3,64),(3,65),(3,99),(3,101),(3,107),(3,114),(3,119),(3,155),(3,161),(3,170),(3,179),(3,187),(3,197),(4,19),(4,32),(4,35),(4,49),(4,62),(4,66),(4,100),(4,101),(4,107),(4,113),(4,119),(4,120),(4,121),(4,128),(4,137),(4,139),(4,146),(4,168),(4,178),(4,181),(4,183),(5,7),(5,8),(5,12),(5,13),(5,29),(5,35),(5,37),(5,45),(5,64),(5,76),(5,85),(5,118),(5,124),(5,126),(5,138),(5,146),(5,147),(5,156),(5,161),(5,200),(6,7),(6,12),(6,21),(6,25),(6,58),(6,61),(6,71),(6,106),(6,131),(6,135),(6,145),(6,146),(6,155),(6,168),(6,193),(7,8),(7,37),(7,47),(7,51),(7,56),(7,64),(7,75),(7,78),(7,90),(7,94),(7,97),(7,104),(7,107),(7,110),(7,147),(7,152),(7,170),(7,173),(7,180),(7,193),(8,10),(8,28),(8,29),(8,36),(8,40),(8,51),(8,53),(8,65),(8,74),(8,76),(8,86),(8,99),(8,134),(8,150),(8,191),(8,192),(8,197),(8,200),(9,2),(9,12),(9,18),(9,47),(9,53),(9,63),(9,68),(9,72),(9,73),(9,80),(9,81),(9,87),(9,91),(9,105),(9,161),(9,163),(9,167),(9,171),(9,180),(10,3),(10,4),(10,7),(10,11),(10,18),(10,28),(10,56),(10,57),(10,64),(10,77),(10,85),(10,93),(10,96),(10,101),(10,102),(10,107),(10,120),(10,133),(10,135);
/*!40000 ALTER TABLE `users_communities` ENABLE KEYS */;
UNLOCK TABLES;
/*!40103 SET TIME_ZONE=@OLD_TIME_ZONE */;

/*!40101 SET SQL_MODE=@OLD_SQL_MODE */;
/*!40014 SET FOREIGN_KEY_CHECKS=@OLD_FOREIGN_KEY_CHECKS */;
/*!40014 SET UNIQUE_CHECKS=@OLD_UNIQUE_CHECKS */;
/*!40101 SET CHARACTER_SET_CLIENT=@OLD_CHARACTER_SET_CLIENT */;
/*!40101 SET CHARACTER_SET_RESULTS=@OLD_CHARACTER_SET_RESULTS */;
/*!40101 SET COLLATION_CONNECTION=@OLD_COLLATION_CONNECTION */;
/*!40111 SET SQL_NOTES=@OLD_SQL_NOTES */;

-- Dump completed on 2020-12-09  2:55:09
